Open Time,Open,High,Low,Close,Volume
2025-11-21 00:00:00,866.51,867.26,866.07,866.73,170.70
2025-11-21 00:01:00,866.73,867.91,866.52,867.38,241.86
2025-11-21 00:02:00,867.39,869.55,867.38,869.29,812.77
2025-11-21 00:03:00,869.30,869.72,867.31,867.40,424.75
2025-11-21 00:04:00,867.40,867.40,865.55,865.56,453.47
2025-11-21 00:05:00,865.56,869.33,864.27,868.80,1169.65
2025-11-21 00:06:00,868.78,869.12,868.11,868.34,220.14
2025-11-21 00:07:00,868.34,869.05,868.33,868.77,175.25
2025-11-21 00:08:00,868.78,869.98,868.52,869.31,310.67
2025-11-21 00:09:00,869.30,870.04,869.11,869.96,234.91
2025-11-21 00:10:00,869.96,870.89,869.90,870.76,170.46
2025-11-21 00:11:00,870.76,871.08,870.44,870.90,159.85
2025-11-21 00:12:00,870.90,870.90,870.00,870.05,119.76
2025-11-21 00:13:00,870.06,870.77,870.04,870.30,96.40
2025-11-21 00:14:00,870.30,871.20,870.30,871.10,156.31
2025-11-21 00:15:00,871.10,871.56,870.38,870.38,135.50
2025-11-21 00:16:00,870.38,871.22,870.38,871.14,143.52
2025-11-21 00:17:00,871.14,872.35,870.80,872.35,176.76
2025-11-21 00:18:00,872.35,872.90,872.33,872.39,148.95
2025-11-21 00:19:00,872.39,872.53,869.62,869.63,130.90
2025-11-21 00:20:00,869.63,870.63,869.41,870.62,109.40
2025-11-21 00:21:00,870.62,870.63,868.12,868.13,379.57
2025-11-21 00:22:00,868.14,869.65,868.14,869.60,108.81
2025-11-21 00:23:00,869.59,869.76,868.59,868.59,130.22
2025-11-21 00:24:00,868.58,869.13,868.30,869.06,72.71
2025-11-21 00:25:00,869.07,870.27,869.07,869.66,243.19
2025-11-21 00:26:00,869.67,870.79,869.67,870.06,95.13
2025-11-21 00:27:00,870.07,870.37,869.11,869.16,112.11
2025-11-21 00:28:00,869.17,870.19,869.17,869.83,207.54
2025-11-21 00:29:00,869.82,869.95,869.30,869.48,133.23
2025-11-21 00:30:00,869.47,870.26,868.71,869.47,127.06
2025-11-21 00:31:00,869.48,870.31,868.95,868.95,106.85
2025-11-21 00:32:00,868.95,868.95,867.33,867.33,255.41
2025-11-21 00:33:00,867.34,867.78,866.80,867.60,220.67
2025-11-21 00:34:00,867.59,867.99,866.65,866.96,309.50
2025-11-21 00:35:00,866.96,867.27,865.41,867.19,1095.64
2025-11-21 00:36:00,867.18,867.94,866.55,867.94,189.36
2025-11-21 00:37:00,867.93,868.79,867.85,868.63,144.16
2025-11-21 00:38:00,868.63,869.70,868.56,869.54,112.14
2025-11-21 00:39:00,869.53,869.79,867.42,867.52,227.09
2025-11-21 00:40:00,867.53,868.20,867.53,867.74,134.33
2025-11-21 00:41:00,867.73,869.51,867.60,869.00,145.86
2025-11-21 00:42:00,869.01,869.20,867.62,868.50,156.79
2025-11-21 00:43:00,868.50,868.80,867.64,867.64,91.98
2025-11-21 00:44:00,867.63,867.63,865.90,866.20,236.36
2025-11-21 00:45:00,866.20,867.44,866.00,867.12,158.00
2025-11-21 00:46:00,867.13,867.60,866.93,867.20,199.51
2025-11-21 00:47:00,867.20,868.20,866.63,867.70,952.45
2025-11-21 00:48:00,867.70,867.77,867.28,867.77,106.26
2025-11-21 00:49:00,867.78,867.78,866.80,866.92,122.14
2025-11-21 00:50:00,866.93,868.27,866.65,867.78,442.84
2025-11-21 00:51:00,867.78,868.58,867.78,867.85,184.63
2025-11-21 00:52:00,867.84,868.60,867.71,868.60,220.36
2025-11-21 00:53:00,868.60,868.69,867.40,867.70,103.89
2025-11-21 00:54:00,867.69,868.21,867.51,867.98,159.56
2025-11-21 00:55:00,867.97,869.49,867.60,869.29,165.19
2025-11-21 00:56:00,869.28,869.28,867.80,868.60,170.41
2025-11-21 00:57:00,868.60,869.49,868.53,868.83,139.09
2025-11-21 00:58:00,868.82,868.82,867.80,867.90,130.51
2025-11-21 00:59:00,867.93,868.80,867.92,868.80,154.23
2025-11-21 01:00:00,868.79,869.57,868.79,869.15,86.58
2025-11-21 01:01:00,869.15,869.88,868.40,869.88,150.59
2025-11-21 01:02:00,869.88,871.67,869.82,869.82,746.65
2025-11-21 01:03:00,869.82,870.59,869.60,870.57,275.76
2025-11-21 01:04:00,870.57,872.29,870.30,872.02,254.15
2025-11-21 01:05:00,872.02,873.47,871.92,873.28,238.15
2025-11-21 01:06:00,873.27,873.30,872.34,872.64,117.94
2025-11-21 01:07:00,872.65,872.90,871.07,871.69,505.99
2025-11-21 01:08:00,871.70,872.04,871.00,871.87,151.08
2025-11-21 01:09:00,871.87,871.87,870.19,870.21,178.76
2025-11-21 01:10:00,870.22,870.61,869.23,870.05,219.89
2025-11-21 01:11:00,870.04,870.62,869.47,870.33,186.46
2025-11-21 01:12:00,870.34,870.49,869.78,869.90,70.25
2025-11-21 01:13:00,869.91,870.80,869.91,870.01,101.26
2025-11-21 01:14:00,870.01,870.80,869.55,870.48,165.84
2025-11-21 01:15:00,870.48,871.49,870.48,870.91,122.36
2025-11-21 01:16:00,870.91,871.45,869.84,870.17,159.27
2025-11-21 01:17:00,870.17,870.98,869.44,869.52,146.80
2025-11-21 01:18:00,869.52,870.23,869.52,869.76,67.92
2025-11-21 01:19:00,869.76,869.81,867.44,867.68,224.72
2025-11-21 01:20:00,867.69,867.78,867.10,867.67,91.26
2025-11-21 01:21:00,867.68,869.90,867.68,869.90,96.34
2025-11-21 01:22:00,869.89,871.70,869.89,871.70,195.96
2025-11-21 01:23:00,871.70,872.99,871.70,872.99,255.73
2025-11-21 01:24:00,872.98,872.99,871.45,872.30,259.16
2025-11-21 01:25:00,872.30,872.50,871.79,871.99,98.59
2025-11-21 01:26:00,872.00,877.33,872.00,876.72,837.35
2025-11-21 01:27:00,876.86,877.18,874.80,874.97,897.28
2025-11-21 01:28:00,874.96,874.97,874.20,874.36,118.88
2025-11-21 01:29:00,874.37,875.88,874.37,874.80,318.04
2025-11-21 01:30:00,874.80,875.20,874.60,874.74,142.25
2025-11-21 01:31:00,874.74,874.93,873.23,873.29,107.55
2025-11-21 01:32:00,873.30,873.34,871.99,872.11,139.78
2025-11-21 01:33:00,872.12,873.15,872.12,873.04,88.80
2025-11-21 01:34:00,873.03,873.05,872.01,872.01,61.28
2025-11-21 01:35:00,872.01,872.01,871.01,871.43,114.60
2025-11-21 01:36:00,871.47,872.44,871.00,872.43,100.82
2025-11-21 01:37:00,872.43,872.52,871.60,871.68,254.62
2025-11-21 01:38:00,871.68,873.39,871.68,872.75,181.64
2025-11-21 01:39:00,872.73,873.30,872.14,872.64,76.52
2025-11-21 01:40:00,872.64,872.98,872.60,872.60,103.74
2025-11-21 01:41:00,872.61,872.74,872.15,872.60,122.84
2025-11-21 01:42:00,872.60,873.22,872.60,873.00,114.84
2025-11-21 01:43:00,873.00,873.28,872.61,872.99,114.50
2025-11-21 01:44:00,872.99,873.00,872.35,872.72,98.74
2025-11-21 01:45:00,872.71,873.60,872.67,873.53,118.12
2025-11-21 01:46:00,873.52,873.52,871.56,872.11,143.82
2025-11-21 01:47:00,872.11,873.20,872.11,873.20,105.30
2025-11-21 01:48:00,873.19,873.50,873.01,873.07,89.34
2025-11-21 01:49:00,873.08,873.49,872.41,872.49,121.45
2025-11-21 01:50:00,872.52,873.50,872.52,873.50,74.62
2025-11-21 01:51:00,873.50,874.00,872.97,873.43,70.62
2025-11-21 01:52:00,873.47,873.70,872.30,872.31,99.63
2025-11-21 01:53:00,872.30,872.31,871.00,871.10,120.14
2025-11-21 01:54:00,871.09,871.74,871.09,871.62,159.99
2025-11-21 01:55:00,871.62,871.99,871.51,871.92,50.07
2025-11-21 01:56:00,871.91,872.25,871.36,871.46,77.16
2025-11-21 01:57:00,871.46,872.10,871.46,872.10,47.74
2025-11-21 01:58:00,872.10,872.66,871.71,871.89,79.88
2025-11-21 01:59:00,871.89,871.95,871.23,871.89,60.01
2025-11-21 02:00:00,871.89,872.00,871.55,871.71,134.60
2025-11-21 02:01:00,871.71,871.71,871.30,871.43,49.57
2025-11-21 02:02:00,871.43,871.65,870.37,870.57,623.23
2025-11-21 02:03:00,870.56,871.30,870.51,871.01,85.32
2025-11-21 02:04:00,871.02,871.50,870.48,870.48,134.99
2025-11-21 02:05:00,870.48,870.50,869.07,869.18,385.50
2025-11-21 02:06:00,869.18,869.50,868.00,868.47,378.06
2025-11-21 02:07:00,868.47,869.61,868.47,869.57,105.38
2025-11-21 02:08:00,869.57,869.96,868.74,868.74,144.17
2025-11-21 02:09:00,868.73,868.89,867.93,867.97,191.20
2025-11-21 02:10:00,867.97,868.68,865.92,867.38,2023.16
2025-11-21 02:11:00,867.38,867.38,865.90,866.56,239.57
2025-11-21 02:12:00,866.57,867.33,865.00,865.63,612.06
2025-11-21 02:13:00,865.64,866.14,864.55,864.63,270.46
2025-11-21 02:14:00,864.64,865.30,864.24,865.10,228.12
2025-11-21 02:15:00,865.11,865.59,865.02,865.46,177.74
2025-11-21 02:16:00,865.46,866.02,865.37,865.48,643.74
2025-11-21 02:17:00,865.48,865.75,863.58,863.58,307.24
2025-11-21 02:18:00,863.59,864.20,861.70,861.83,951.22
2025-11-21 02:19:00,861.84,863.54,861.70,863.49,329.24
2025-11-21 02:20:00,863.49,865.53,862.86,865.26,419.54
2025-11-21 02:21:00,865.26,869.44,865.26,869.00,439.96
2025-11-21 02:22:00,869.00,869.00,867.05,867.38,230.54
2025-11-21 02:23:00,867.37,868.70,867.24,868.20,676.50
2025-11-21 02:24:00,868.20,869.39,867.87,868.23,262.04
2025-11-21 02:25:00,868.23,868.73,867.80,867.80,311.79
2025-11-21 02:26:00,867.79,867.79,866.44,867.33,181.84
2025-11-21 02:27:00,867.33,867.66,866.80,866.84,95.52
2025-11-21 02:28:00,866.85,867.35,866.80,867.00,60.18
2025-11-21 02:29:00,867.01,867.80,866.39,866.40,123.94
2025-11-21 02:30:00,866.39,866.47,864.53,865.74,412.33
2025-11-21 02:31:00,865.74,867.24,865.73,866.53,136.42
2025-11-21 02:32:00,866.56,867.55,865.15,865.35,374.32
2025-11-21 02:33:00,865.36,866.30,864.92,865.78,201.65
2025-11-21 02:34:00,865.78,866.35,865.06,865.96,242.02
2025-11-21 02:35:00,865.97,867.88,865.91,866.35,337.28
2025-11-21 02:36:00,866.34,867.95,865.90,867.29,223.94
2025-11-21 02:37:00,867.29,867.88,865.34,865.85,317.84
2025-11-21 02:38:00,865.85,867.23,865.59,867.16,216.56
2025-11-21 02:39:00,867.17,867.36,865.37,866.28,309.66
2025-11-21 02:40:00,866.28,868.18,866.18,867.87,175.44
2025-11-21 02:41:00,867.86,867.95,867.15,867.15,244.17
2025-11-21 02:42:00,867.14,867.70,866.38,867.62,266.32
2025-11-21 02:43:00,867.61,867.62,866.39,866.93,305.29
2025-11-21 02:44:00,866.94,866.99,863.57,863.70,625.91
2025-11-21 02:45:00,863.69,865.21,863.54,864.39,356.98
2025-11-21 02:46:00,864.40,866.71,864.40,866.55,299.31
2025-11-21 02:47:00,866.56,867.28,865.50,866.77,120.89
2025-11-21 02:48:00,866.78,868.16,866.24,867.60,448.05
2025-11-21 02:49:00,867.60,868.77,867.40,868.02,82.30
2025-11-21 02:50:00,868.03,869.04,866.91,867.08,200.97
2025-11-21 02:51:00,867.12,867.15,865.58,866.11,257.01
2025-11-21 02:52:00,866.12,866.27,862.31,863.19,529.07
2025-11-21 02:53:00,863.19,863.95,862.56,863.16,479.26
2025-11-21 02:54:00,863.16,864.79,863.16,864.47,214.74
2025-11-21 02:55:00,864.48,864.57,862.06,862.86,342.12
2025-11-21 02:56:00,862.86,863.96,861.00,861.71,1133.86
2025-11-21 02:57:00,861.71,862.26,860.00,860.08,1448.86
2025-11-21 02:58:00,860.08,860.34,858.00,858.21,2910.82
2025-11-21 02:59:00,858.21,859.42,856.01,858.15,2089.53
2025-11-21 03:00:00,858.11,860.28,855.45,859.53,1650.12
2025-11-21 03:01:00,859.53,861.27,858.44,861.13,465.42
2025-11-21 03:02:00,861.12,861.12,859.23,859.80,326.93
2025-11-21 03:03:00,859.80,861.08,858.69,860.05,444.16
2025-11-21 03:04:00,860.05,861.51,859.21,861.33,469.83
2025-11-21 03:05:00,861.33,865.88,861.33,865.38,616.45
2025-11-21 03:06:00,865.37,867.09,865.09,865.96,315.70
2025-11-21 03:07:00,865.97,866.55,864.64,865.73,401.47
2025-11-21 03:08:00,865.73,866.93,865.42,866.18,298.84
2025-11-21 03:09:00,866.17,866.48,864.02,864.42,248.92
2025-11-21 03:10:00,864.43,865.26,864.20,865.04,138.88
2025-11-21 03:11:00,865.07,865.07,863.47,864.79,153.06
2025-11-21 03:12:00,864.80,865.28,863.70,864.77,148.56
2025-11-21 03:13:00,864.78,864.84,863.33,863.62,108.48
2025-11-21 03:14:00,863.64,863.68,862.45,863.19,240.56
2025-11-21 03:15:00,863.20,864.55,863.20,863.97,210.31
2025-11-21 03:16:00,863.96,864.11,860.45,861.09,256.82
2025-11-21 03:17:00,861.10,861.51,860.13,861.08,246.55
2025-11-21 03:18:00,861.10,861.62,860.11,861.12,360.09
2025-11-21 03:19:00,861.11,861.40,859.53,859.98,467.62
2025-11-21 03:20:00,859.99,861.62,859.66,860.85,134.42
2025-11-21 03:21:00,860.85,862.95,860.85,862.11,103.81
2025-11-21 03:22:00,862.12,862.91,862.03,862.62,300.76
2025-11-21 03:23:00,862.61,863.10,862.00,862.28,70.59
2025-11-21 03:24:00,862.24,862.24,860.26,860.85,174.24
2025-11-21 03:25:00,860.86,861.07,860.08,860.60,161.74
2025-11-21 03:26:00,860.60,861.83,860.57,861.61,71.67
2025-11-21 03:27:00,861.61,862.80,861.61,861.62,118.78
2025-11-21 03:28:00,861.63,863.32,861.51,862.55,123.94
2025-11-21 03:29:00,862.55,863.40,862.50,863.04,94.29
2025-11-21 03:30:00,863.03,863.56,862.53,863.56,101.25
2025-11-21 03:31:00,863.56,863.92,862.46,862.50,92.13
2025-11-21 03:32:00,862.51,864.04,862.43,863.53,142.89
2025-11-21 03:33:00,863.53,863.62,861.72,861.81,105.60
2025-11-21 03:34:00,861.80,861.81,860.55,860.89,62.54
2025-11-21 03:35:00,860.89,861.30,860.41,861.00,282.98
2025-11-21 03:36:00,861.01,864.64,861.01,864.42,163.24
2025-11-21 03:37:00,864.42,865.54,862.88,863.19,325.31
2025-11-21 03:38:00,863.19,864.28,862.98,863.65,158.92
2025-11-21 03:39:00,863.65,864.64,862.97,864.07,144.02
2025-11-21 03:40:00,864.06,866.39,863.86,866.01,368.69
2025-11-21 03:41:00,865.93,866.70,865.80,866.41,386.52
2025-11-21 03:42:00,866.40,866.82,866.11,866.61,115.13
2025-11-21 03:43:00,866.60,867.51,866.57,867.04,218.24
2025-11-21 03:44:00,867.05,867.20,866.29,866.44,121.58
2025-11-21 03:45:00,866.45,866.71,865.91,865.99,111.18
2025-11-21 03:46:00,865.99,866.06,865.28,865.28,425.56
2025-11-21 03:47:00,865.29,866.42,865.28,866.00,104.81
2025-11-21 03:48:00,866.00,866.19,865.52,866.04,161.93
2025-11-21 03:49:00,866.05,866.05,865.50,865.70,141.17
2025-11-21 03:50:00,865.70,865.77,865.11,865.72,131.43
2025-11-21 03:51:00,865.73,865.92,865.30,865.57,52.43
2025-11-21 03:52:00,865.57,866.23,865.29,865.57,447.53
2025-11-21 03:53:00,865.57,865.57,865.05,865.40,66.22
2025-11-21 03:54:00,865.39,865.49,864.07,864.78,231.78
2025-11-21 03:55:00,864.78,865.00,864.45,864.59,96.00
2025-11-21 03:56:00,864.59,864.60,864.18,864.20,97.44
2025-11-21 03:57:00,864.20,865.37,864.20,865.03,213.64
2025-11-21 03:58:00,865.02,865.10,864.70,864.83,75.01
2025-11-21 03:59:00,864.82,864.82,863.36,863.36,71.90
2025-11-21 04:00:00,863.35,863.35,862.01,862.80,160.09
2025-11-21 04:01:00,862.79,862.90,862.45,862.82,97.03
2025-11-21 04:02:00,862.82,863.88,862.82,863.59,104.32
2025-11-21 04:03:00,863.60,864.19,863.59,863.81,82.96
2025-11-21 04:04:00,863.82,864.30,863.64,863.78,58.36
2025-11-21 04:05:00,863.79,864.71,862.37,862.37,157.61
2025-11-21 04:06:00,862.37,863.60,862.11,863.60,255.11
2025-11-21 04:07:00,863.60,864.55,862.25,862.64,109.57
2025-11-21 04:08:00,862.64,863.01,862.01,862.03,99.85
2025-11-21 04:09:00,862.03,862.63,862.02,862.47,147.06
2025-11-21 04:10:00,862.48,863.06,861.72,861.72,277.16
2025-11-21 04:11:00,861.71,863.10,861.70,863.04,167.31
2025-11-21 04:12:00,863.04,863.90,863.04,863.28,148.31
2025-11-21 04:13:00,863.27,863.72,862.70,863.53,124.21
2025-11-21 04:14:00,863.53,864.26,863.14,863.17,134.55
2025-11-21 04:15:00,863.17,863.17,861.84,861.85,203.22
2025-11-21 04:16:00,861.85,863.16,861.68,863.16,170.24
2025-11-21 04:17:00,863.16,863.90,861.77,862.39,167.44
2025-11-21 04:18:00,862.40,862.50,861.08,861.59,177.31
2025-11-21 04:19:00,861.59,862.22,861.53,861.82,100.96
2025-11-21 04:20:00,861.83,863.54,861.83,863.53,90.02
2025-11-21 04:21:00,863.54,864.09,861.89,861.89,134.69
2025-11-21 04:22:00,861.88,862.50,861.16,862.47,143.79
2025-11-21 04:23:00,862.47,862.90,861.80,861.90,115.80
2025-11-21 04:24:00,861.91,862.40,861.23,862.19,59.78
2025-11-21 04:25:00,862.19,863.06,861.92,862.87,104.39
2025-11-21 04:26:00,862.86,864.00,862.70,864.00,55.20
2025-11-21 04:27:00,863.99,864.36,863.40,863.40,40.47
2025-11-21 04:28:00,863.41,864.00,863.41,864.00,75.82
2025-11-21 04:29:00,863.99,864.09,863.50,863.63,91.88
2025-11-21 04:30:00,863.63,864.20,863.46,863.46,52.21
2025-11-21 04:31:00,863.47,863.50,860.92,860.92,303.47
2025-11-21 04:32:00,860.93,860.93,858.68,858.82,2887.78
2025-11-21 04:33:00,858.82,859.72,858.43,859.64,282.01
2025-11-21 04:34:00,859.65,860.43,859.10,860.00,155.43
2025-11-21 04:35:00,859.99,859.99,858.90,859.32,113.75
2025-11-21 04:36:00,859.33,860.28,859.15,859.81,167.40
2025-11-21 04:37:00,859.80,859.80,858.05,858.59,255.34
2025-11-21 04:38:00,858.60,859.48,858.25,858.63,280.07
2025-11-21 04:39:00,858.56,859.18,855.00,856.88,3336.54
2025-11-21 04:40:00,856.88,858.42,856.59,857.39,197.87
2025-11-21 04:41:00,857.38,859.17,856.72,858.97,320.33
2025-11-21 04:42:00,858.97,860.80,858.80,860.00,246.54
2025-11-21 04:43:00,860.00,863.33,860.00,863.33,545.58
2025-11-21 04:44:00,863.33,865.68,863.33,863.78,332.00
2025-11-21 04:45:00,863.77,865.38,863.77,864.07,260.00
2025-11-21 04:46:00,864.06,864.57,863.39,863.43,191.13
2025-11-21 04:47:00,863.42,863.42,861.32,861.69,257.33
2025-11-21 04:48:00,861.69,862.68,861.69,862.07,167.89
2025-11-21 04:49:00,862.06,862.60,861.68,862.54,184.26
2025-11-21 04:50:00,862.54,863.13,862.41,863.13,139.15
2025-11-21 04:51:00,863.15,863.99,862.97,863.83,176.78
2025-11-21 04:52:00,863.83,864.23,863.52,863.85,328.46
2025-11-21 04:53:00,863.84,864.83,863.39,864.30,300.74
2025-11-21 04:54:00,864.31,865.43,864.31,865.33,173.34
2025-11-21 04:55:00,865.32,866.08,865.11,865.65,644.43
2025-11-21 04:56:00,865.65,866.40,865.65,865.89,375.32
2025-11-21 04:57:00,865.90,866.39,864.98,865.40,208.69
2025-11-21 04:58:00,865.40,865.55,862.01,864.42,2584.46
2025-11-21 04:59:00,864.42,864.68,863.84,864.46,308.01
2025-11-21 05:00:00,864.47,864.87,863.74,864.03,623.98
2025-11-21 05:01:00,864.02,865.53,863.40,863.44,326.48
2025-11-21 05:02:00,863.43,864.77,863.17,864.39,160.26
2025-11-21 05:03:00,864.40,864.65,863.81,864.35,187.88
2025-11-21 05:04:00,864.34,864.78,863.33,863.66,311.25
2025-11-21 05:05:00,863.67,863.84,863.12,863.58,216.36
2025-11-21 05:06:00,863.58,865.99,863.36,865.74,163.15
2025-11-21 05:07:00,865.74,867.00,863.47,864.05,286.83
2025-11-21 05:08:00,864.05,864.40,863.48,863.53,147.17
2025-11-21 05:09:00,863.53,864.72,863.53,864.71,249.29
2025-11-21 05:10:00,864.71,864.79,863.85,864.03,207.98
2025-11-21 05:11:00,864.04,864.58,863.71,864.09,165.91
2025-11-21 05:12:00,864.10,864.15,863.79,863.96,106.85
2025-11-21 05:13:00,863.95,865.01,863.82,864.95,120.72
2025-11-21 05:14:00,864.95,865.58,864.46,865.43,212.56
2025-11-21 05:15:00,865.42,866.76,865.05,865.15,370.81
2025-11-21 05:16:00,865.16,865.24,864.69,865.17,174.93
2025-11-21 05:17:00,865.17,866.42,864.87,865.58,793.40
2025-11-21 05:18:00,865.58,865.90,865.03,865.03,143.42
2025-11-21 05:19:00,865.05,865.20,864.51,864.51,95.01
2025-11-21 05:20:00,864.52,865.40,864.39,864.78,151.95
2025-11-21 05:21:00,864.79,864.97,864.34,864.82,107.84
2025-11-21 05:22:00,864.82,865.65,864.63,865.50,117.40
2025-11-21 05:23:00,865.49,865.61,864.00,864.52,675.20
2025-11-21 05:24:00,864.52,864.60,863.73,864.49,138.02
2025-11-21 05:25:00,864.50,864.89,864.28,864.89,113.48
2025-11-21 05:26:00,864.88,865.28,864.72,865.25,85.93
2025-11-21 05:27:00,865.25,865.25,864.42,864.98,117.52
2025-11-21 05:28:00,864.98,865.11,864.49,864.89,68.60
2025-11-21 05:29:00,864.89,864.94,864.54,864.83,29.15
2025-11-21 05:30:00,864.80,865.23,864.48,865.08,174.34
2025-11-21 05:31:00,865.08,865.40,864.96,865.39,512.31
2025-11-21 05:32:00,865.40,866.23,865.20,865.21,132.00
2025-11-21 05:33:00,865.21,865.83,864.56,865.46,606.98
2025-11-21 05:34:00,865.46,865.87,865.37,865.54,67.04
2025-11-21 05:35:00,865.55,865.55,864.61,864.61,53.47
2025-11-21 05:36:00,864.60,864.60,864.30,864.46,72.06
2025-11-21 05:37:00,864.47,863.44,863.44,863.44,385.38
2025-11-21 05:38:00,862.89,862.42,862.42,862.42,178.78
2025-11-21 05:39:00,862.12,862.25,861.40,861.40,168.51
2025-11-21 05:40:00,861.40,861.58,861.00,861.41,97.40
2025-11-21 05:41:00,861.41,862.10,861.41,861.88,96.31
2025-11-21 05:42:00,861.88,862.27,861.61,862.27,133.72
2025-11-21 05:43:00,862.26,862.55,861.70,862.55,161.39
2025-11-21 05:44:00,862.55,863.14,861.88,862.14,142.28
2025-11-21 05:45:00,862.14,862.14,861.26,861.27,100.00
2025-11-21 05:46:00,861.27,861.80,860.84,861.80,174.46
2025-11-21 05:47:00,861.80,862.75,861.52,862.39,1101.64
2025-11-21 05:48:00,862.39,862.49,860.90,861.29,121.12
2025-11-21 05:49:00,861.29,861.37,860.56,860.83,71.55
2025-11-21 05:50:00,860.83,861.32,860.79,861.32,61.83
2025-11-21 05:51:00,861.32,861.69,861.07,861.27,68.91
2025-11-21 05:52:00,861.27,861.81,861.17,861.56,39.70
2025-11-21 05:53:00,861.57,861.90,861.06,861.16,35.38
2025-11-21 05:54:00,861.16,861.16,860.31,860.90,111.88
2025-11-21 05:55:00,860.91,861.75,860.91,861.75,151.92
2025-11-21 05:56:00,861.76,862.35,861.00,861.01,107.78
2025-11-21 05:57:00,861.01,861.98,860.94,861.98,59.19
2025-11-21 05:58:00,862.00,862.10,861.12,861.13,38.16
2025-11-21 05:59:00,861.16,862.20,861.16,861.98,64.07
2025-11-21 06:00:00,861.99,862.66,861.85,862.37,142.92
2025-11-21 06:01:00,862.37,862.95,861.40,861.40,171.91
2025-11-21 06:02:00,861.66,861.79,859.74,860.04,306.76
2025-11-21 06:03:00,860.08,860.40,859.36,859.46,214.19
2025-11-21 06:04:00,859.47,860.37,859.47,859.84,120.18
2025-11-21 06:05:00,859.85,860.07,859.28,859.45,142.62
2025-11-21 06:06:00,859.45,860.54,859.25,859.25,150.38
2025-11-21 06:07:00,859.25,859.72,859.00,859.00,60.53
2025-11-21 06:08:00,859.00,859.00,857.33,858.08,222.40
2025-11-21 06:09:00,858.09,858.90,858.09,858.72,363.45
2025-11-21 06:10:00,858.73,859.60,858.73,859.02,118.26
2025-11-21 06:11:00,859.02,859.02,857.94,858.69,174.04
2025-11-21 06:12:00,858.70,860.80,858.70,859.52,806.03
2025-11-21 06:13:00,859.52,860.30,859.52,859.93,98.94
2025-11-21 06:14:00,859.93,860.00,859.59,859.64,75.47
2025-11-21 06:15:00,859.64,860.17,859.49,859.67,89.12
2025-11-21 06:16:00,859.67,859.67,858.61,858.74,106.23
2025-11-21 06:17:00,858.73,859.20,858.29,859.00,136.09
2025-11-21 06:18:00,859.00,859.28,858.30,858.30,140.69
2025-11-21 06:19:00,858.30,858.38,856.70,856.71,1736.66
2025-11-21 06:20:00,856.70,856.70,855.64,855.76,1282.42
2025-11-21 06:21:00,855.76,856.50,855.76,855.92,985.48
2025-11-21 06:22:00,855.92,856.61,855.85,855.91,1154.75
2025-11-21 06:23:00,855.91,856.31,853.92,854.09,1168.86
2025-11-21 06:24:00,854.09,854.51,853.00,853.38,1363.84
2025-11-21 06:25:00,853.39,854.79,853.39,853.57,343.85
2025-11-21 06:26:00,853.58,855.77,853.58,855.59,243.47
2025-11-21 06:27:00,855.59,855.79,854.01,854.02,138.78
2025-11-21 06:28:00,854.02,854.05,853.59,853.63,95.48
2025-11-21 06:29:00,853.62,853.80,853.22,853.58,164.23
2025-11-21 06:30:00,853.57,853.64,852.33,852.64,499.25
2025-11-21 06:31:00,852.63,853.97,852.63,853.30,155.16
2025-11-21 06:32:00,853.30,853.53,853.01,853.20,98.16
2025-11-21 06:33:00,853.21,854.14,853.16,853.44,301.65
2025-11-21 06:34:00,853.44,853.95,853.36,853.74,108.62
2025-11-21 06:35:00,853.74,854.91,853.55,854.07,257.81
2025-11-21 06:36:00,854.07,854.40,853.87,854.10,147.57
2025-11-21 06:37:00,854.09,854.20,853.00,853.19,929.75
2025-11-21 06:38:00,853.20,853.20,851.36,851.56,582.37
2025-11-21 06:39:00,851.56,853.90,851.43,853.89,303.28
2025-11-21 06:40:00,853.90,855.00,853.48,853.48,173.68
2025-11-21 06:41:00,853.47,853.70,853.00,853.69,129.65
2025-11-21 06:42:00,853.70,854.73,853.70,854.17,196.31
2025-11-21 06:43:00,854.16,855.00,854.10,854.99,114.63
2025-11-21 06:44:00,854.99,855.60,854.50,854.51,325.25
2025-11-21 06:45:00,854.50,854.80,853.61,853.61,260.03
2025-11-21 06:46:00,853.61,854.13,853.00,853.14,253.76
2025-11-21 06:47:00,853.14,854.19,852.99,853.76,180.81
2025-11-21 06:48:00,853.75,855.10,853.66,855.10,398.85
2025-11-21 06:49:00,855.10,855.58,854.53,854.60,231.51
2025-11-21 06:50:00,854.59,855.36,854.24,854.59,307.27
2025-11-21 06:51:00,854.58,855.10,854.21,854.63,163.48
2025-11-21 06:52:00,854.63,855.54,854.33,854.33,241.58
2025-11-21 06:53:00,854.34,854.70,853.24,853.41,215.62
2025-11-21 06:54:00,853.41,854.14,853.33,853.95,308.35
2025-11-21 06:55:00,853.95,854.62,853.68,854.37,199.04
2025-11-21 06:56:00,854.37,854.38,852.21,852.89,367.74
2025-11-21 06:57:00,852.88,853.13,852.70,853.00,133.56
2025-11-21 06:58:00,853.00,853.40,852.51,853.30,275.21
2025-11-21 06:59:00,853.30,853.34,852.40,852.41,99.45
2025-11-21 07:00:00,852.40,853.40,852.40,853.23,132.57
2025-11-21 07:01:00,853.23,853.23,852.00,852.00,153.20
2025-11-21 07:02:00,852.01,852.40,851.38,851.57,271.21
2025-11-21 07:03:00,851.57,853.50,850.10,852.57,1349.24
2025-11-21 07:04:00,852.58,853.55,852.48,853.22,327.71
2025-11-21 07:05:00,853.22,854.28,852.57,852.60,183.95
2025-11-21 07:06:00,852.60,852.60,851.71,852.50,166.23
2025-11-21 07:07:00,852.50,853.20,851.48,851.76,298.19
2025-11-21 07:08:00,851.76,851.82,851.30,851.63,143.31
2025-11-21 07:09:00,851.64,851.80,851.30,851.66,157.56
2025-11-21 07:10:00,851.66,852.17,850.66,850.71,190.32
2025-11-21 07:11:00,850.71,851.10,850.54,851.10,104.59
2025-11-21 07:12:00,851.10,851.10,850.91,850.91,72.82
2025-11-21 07:13:00,850.91,851.20,850.70,850.70,103.68
2025-11-21 07:14:00,850.70,850.95,850.01,850.75,1840.20
2025-11-21 07:15:00,850.76,851.01,850.29,850.36,422.16
2025-11-21 07:16:00,850.36,850.97,850.00,850.76,7458.92
2025-11-21 07:17:00,850.75,851.44,850.24,850.38,484.16
2025-11-21 07:18:00,850.38,851.31,850.24,850.82,623.63
2025-11-21 07:19:00,850.82,851.42,850.20,850.34,363.12
2025-11-21 07:20:00,850.33,850.34,847.32,847.51,4506.39
2025-11-21 07:21:00,847.37,849.00,847.30,847.31,480.53
2025-11-21 07:22:00,847.31,848.00,847.00,847.25,1040.80
2025-11-21 07:23:00,847.25,848.26,847.11,847.87,593.74
2025-11-21 07:24:00,847.87,848.72,847.70,848.72,162.86
2025-11-21 07:25:00,848.73,849.51,847.80,848.08,397.66
2025-11-21 07:26:00,848.08,848.60,847.82,847.82,319.04
2025-11-21 07:27:00,847.82,848.00,847.40,847.82,700.92
2025-11-21 07:28:00,847.83,848.59,847.50,847.87,409.25
2025-11-21 07:29:00,847.87,848.00,847.17,847.68,683.35
2025-11-21 07:30:00,847.69,848.00,844.93,845.82,3291.61
2025-11-21 07:31:00,845.83,847.01,845.00,846.20,675.74
2025-11-21 07:32:00,846.20,846.28,842.56,843.14,2173.36
2025-11-21 07:33:00,843.13,837.36,837.36,837.36,13874.98
2025-11-21 07:34:00,830.00,831.58,831.58,831.58,21732.41
2025-11-21 07:35:00,823.72,828.07,820.44,825.80,7442.41
2025-11-21 07:36:00,825.79,826.65,821.78,823.80,4948.34
2025-11-21 07:37:00,823.81,832.07,823.38,830.58,2488.37
2025-11-21 07:38:00,830.50,832.16,827.53,831.91,2329.82
2025-11-21 07:39:00,831.91,833.81,829.58,831.34,2113.79
2025-11-21 07:40:00,831.33,835.99,830.34,833.01,2014.16
2025-11-21 07:41:00,833.38,836.61,833.38,835.41,1663.18
2025-11-21 07:42:00,835.42,836.00,832.54,833.56,1401.18
2025-11-21 07:43:00,833.55,837.10,832.41,836.00,1724.72
2025-11-21 07:44:00,835.99,839.61,835.58,838.26,2256.47
2025-11-21 07:45:00,838.26,838.64,835.04,835.85,1956.43
2025-11-21 07:46:00,835.86,838.82,835.56,836.85,1728.83
2025-11-21 07:47:00,836.85,838.18,835.00,836.35,1337.25
2025-11-21 07:48:00,836.34,836.81,832.86,834.99,2165.43
2025-11-21 07:49:00,835.00,835.03,832.83,834.33,1000.74
2025-11-21 07:50:00,834.33,837.92,833.73,836.99,862.08
2025-11-21 07:51:00,837.00,837.13,835.16,835.20,451.06
2025-11-21 07:52:00,835.20,836.21,834.98,835.30,657.42
2025-11-21 07:53:00,835.29,835.29,832.19,833.29,697.17
2025-11-21 07:54:00,833.30,833.98,831.68,832.07,665.98
2025-11-21 07:55:00,832.08,832.40,831.10,832.05,778.09
2025-11-21 07:56:00,832.04,834.25,830.85,833.55,1147.85
2025-11-21 07:57:00,833.55,833.64,831.55,831.64,577.81
2025-11-21 07:58:00,831.64,832.78,830.68,831.81,614.35
2025-11-21 07:59:00,831.82,832.63,831.50,832.03,523.69
2025-11-21 08:00:00,832.03,832.19,830.52,830.70,484.02
2025-11-21 08:01:00,830.70,832.72,830.68,832.01,1115.62
2025-11-21 08:02:00,832.01,832.45,830.30,830.83,667.86
2025-11-21 08:03:00,830.84,831.36,828.99,829.37,1941.09
2025-11-21 08:04:00,829.37,829.98,828.28,828.79,675.90
2025-11-21 08:05:00,828.79,833.32,828.65,832.97,750.40
2025-11-21 08:06:00,832.97,836.03,832.76,833.69,1254.12
2025-11-21 08:07:00,833.69,834.10,832.13,833.52,562.98
2025-11-21 08:08:00,833.52,834.40,832.65,834.01,442.08
2025-11-21 08:09:00,834.00,835.30,832.62,835.30,672.51
2025-11-21 08:10:00,835.30,835.32,832.94,834.20,453.93
2025-11-21 08:11:00,834.20,838.48,834.20,836.64,681.97
2025-11-21 08:12:00,836.63,839.21,836.21,837.89,495.96
2025-11-21 08:13:00,837.89,839.12,837.55,838.15,674.69
2025-11-21 08:14:00,838.16,838.30,835.41,836.08,498.47
2025-11-21 08:15:00,836.07,837.94,835.64,837.93,410.13
2025-11-21 08:16:00,837.94,839.34,837.79,838.02,593.14
2025-11-21 08:17:00,838.03,839.92,837.91,838.70,660.69
2025-11-21 08:18:00,838.71,839.68,837.36,837.95,1258.76
2025-11-21 08:19:00,837.95,838.20,836.10,836.22,505.32
2025-11-21 08:20:00,836.22,837.92,835.87,837.77,472.55
2025-11-21 08:21:00,837.77,838.65,835.39,835.99,514.07
2025-11-21 08:22:00,836.00,838.14,835.79,836.33,618.26
2025-11-21 08:23:00,836.33,838.26,836.15,838.11,344.31
2025-11-21 08:24:00,838.12,839.07,837.00,837.10,647.46
2025-11-21 08:25:00,837.11,837.51,835.62,836.17,629.98
2025-11-21 08:26:00,836.16,836.70,835.77,835.78,233.01
2025-11-21 08:27:00,835.78,836.70,835.50,835.79,362.44
2025-11-21 08:28:00,835.80,836.00,834.92,835.11,361.91
2025-11-21 08:29:00,835.10,835.45,834.70,834.99,400.50
2025-11-21 08:30:00,834.99,835.70,834.80,835.12,275.90
2025-11-21 08:31:00,835.12,837.02,835.12,836.64,311.87
2025-11-21 08:32:00,836.65,837.95,836.26,837.53,590.23
2025-11-21 08:33:00,837.53,837.90,835.37,835.69,385.47
2025-11-21 08:34:00,835.70,836.04,833.56,833.92,311.48
2025-11-21 08:35:00,833.92,834.62,832.56,833.34,425.94
2025-11-21 08:36:00,833.34,833.34,831.48,831.60,556.74
2025-11-21 08:37:00,831.59,832.25,831.10,831.78,466.09
2025-11-21 08:38:00,831.79,832.29,830.25,831.06,423.38
2025-11-21 08:39:00,831.06,831.80,830.02,831.08,549.00
2025-11-21 08:40:00,831.09,831.20,830.00,830.02,399.54
2025-11-21 08:41:00,830.01,831.39,830.00,830.96,394.85
2025-11-21 08:42:00,830.96,831.18,829.26,829.58,482.37
2025-11-21 08:43:00,829.57,830.58,829.21,830.29,514.39
2025-11-21 08:44:00,830.30,830.73,829.91,830.16,329.46
2025-11-21 08:45:00,830.16,831.20,829.37,829.99,285.81
2025-11-21 08:46:00,830.00,831.23,829.98,830.93,269.48
2025-11-21 08:47:00,830.94,832.19,830.93,831.85,295.58
2025-11-21 08:48:00,831.85,832.00,829.91,830.45,1272.37
2025-11-21 08:49:00,830.45,830.45,828.18,828.18,515.23
2025-11-21 08:50:00,828.35,829.13,828.05,828.89,657.06
2025-11-21 08:51:00,828.90,830.18,828.70,829.20,645.55
2025-11-21 08:52:00,829.19,829.97,828.56,829.92,674.24
2025-11-21 08:53:00,829.92,831.42,829.72,830.30,550.86
2025-11-21 08:54:00,830.30,830.73,828.06,829.12,700.35
2025-11-21 08:55:00,829.12,830.10,828.06,830.10,746.36
2025-11-21 08:56:00,830.10,831.47,830.10,831.36,625.76
2025-11-21 08:57:00,831.36,831.82,830.58,831.15,466.66
2025-11-21 08:58:00,831.15,831.34,830.01,830.17,531.15
2025-11-21 08:59:00,830.17,830.20,829.62,830.01,363.21
2025-11-21 09:00:00,830.00,832.26,830.00,832.26,490.67
2025-11-21 09:01:00,832.27,833.23,832.19,832.97,179.24
2025-11-21 09:02:00,832.94,833.80,832.74,833.73,331.48
2025-11-21 09:03:00,833.73,834.73,833.73,834.46,110.25
2025-11-21 09:04:00,834.46,835.16,834.00,834.61,224.74
2025-11-21 09:05:00,834.61,835.50,833.83,833.83,211.31
2025-11-21 09:06:00,833.84,834.38,833.27,834.17,257.51
2025-11-21 09:07:00,834.17,834.52,832.40,832.80,189.58
2025-11-21 09:08:00,832.79,833.20,832.17,832.69,119.95
2025-11-21 09:09:00,832.70,832.80,832.11,832.21,179.74
2025-11-21 09:10:00,832.20,833.20,831.73,833.20,264.12
2025-11-21 09:11:00,833.24,834.96,833.24,834.75,370.99
2025-11-21 09:12:00,834.75,835.50,833.77,833.77,669.82
2025-11-21 09:13:00,833.76,833.76,832.64,833.14,184.13
2025-11-21 09:14:00,833.14,833.70,833.00,833.29,566.28
2025-11-21 09:15:00,833.30,834.05,832.57,833.10,261.37
2025-11-21 09:16:00,833.09,833.71,831.15,831.36,232.53
2025-11-21 09:17:00,831.36,831.83,830.65,831.81,253.97
2025-11-21 09:18:00,831.80,831.83,830.46,831.16,174.40
2025-11-21 09:19:00,831.17,831.70,830.80,830.93,69.76
2025-11-21 09:20:00,830.94,831.40,825.00,828.17,6529.15
2025-11-21 09:21:00,828.17,829.12,827.44,827.45,513.36
2025-11-21 09:22:00,827.44,829.27,827.34,828.48,274.40
2025-11-21 09:23:00,828.47,829.30,824.77,827.30,2987.40
2025-11-21 09:24:00,827.30,827.93,826.94,827.09,357.52
2025-11-21 09:25:00,827.09,827.11,824.64,826.71,714.93
2025-11-21 09:26:00,826.70,827.07,825.10,825.20,546.51
2025-11-21 09:27:00,825.19,825.94,822.52,823.93,712.66
2025-11-21 09:28:00,823.93,824.09,823.13,823.59,639.28
2025-11-21 09:29:00,823.58,824.94,823.58,824.09,545.00
2025-11-21 09:30:00,824.08,825.36,823.00,823.37,1108.35
2025-11-21 09:31:00,823.36,824.90,822.08,824.44,1413.92
2025-11-21 09:32:00,824.44,824.71,821.77,822.77,644.75
2025-11-21 09:33:00,822.76,823.40,822.14,822.34,499.86
2025-11-21 09:34:00,822.35,823.65,822.12,822.83,429.45
2025-11-21 09:35:00,822.83,822.90,821.54,822.90,761.91
2025-11-21 09:36:00,822.90,823.18,821.36,821.44,588.99
2025-11-21 09:37:00,821.44,822.41,820.80,821.63,1194.78
2025-11-21 09:38:00,821.62,822.22,820.02,820.03,712.04
2025-11-21 09:39:00,820.03,821.00,818.65,819.59,1426.60
2025-11-21 09:40:00,819.59,820.44,816.86,819.06,2292.24
2025-11-21 09:41:00,819.05,819.34,816.19,816.99,944.58
2025-11-21 09:42:00,816.99,817.93,816.06,817.64,1721.44
2025-11-21 09:43:00,817.64,819.19,817.25,817.77,2128.94
2025-11-21 09:44:00,817.77,819.12,817.77,818.43,525.54
2025-11-21 09:45:00,818.43,818.44,817.18,817.63,409.78
2025-11-21 09:46:00,817.64,819.09,816.41,818.34,1086.29
2025-11-21 09:47:00,818.34,819.27,817.00,819.05,550.05
2025-11-21 09:48:00,819.04,819.87,816.65,816.91,726.51
2025-11-21 09:49:00,816.91,817.11,815.65,816.91,520.65
2025-11-21 09:50:00,816.92,817.93,816.20,816.42,523.38
2025-11-21 09:51:00,816.42,816.72,815.28,815.28,463.60
2025-11-21 09:52:00,815.28,815.28,812.80,813.38,1233.35
2025-11-21 09:53:00,813.38,813.78,812.88,812.88,725.79
2025-11-21 09:54:00,812.89,813.47,812.62,812.94,1328.32
2025-11-21 09:55:00,812.93,814.27,812.79,813.51,982.40
2025-11-21 09:56:00,813.51,816.25,813.49,815.89,2123.69
2025-11-21 09:57:00,815.90,816.25,814.27,814.89,402.62
2025-11-21 09:58:00,814.89,814.96,813.18,813.86,460.51
2025-11-21 09:59:00,813.85,813.92,812.50,812.50,402.66
2025-11-21 10:00:00,812.50,812.52,811.32,811.96,1531.58
2025-11-21 10:01:00,811.95,812.08,811.00,811.70,831.46
2025-11-21 10:02:00,811.71,813.00,810.76,811.13,1816.17
2025-11-21 10:03:00,811.13,811.40,807.68,809.54,2591.06
2025-11-21 10:04:00,809.54,810.60,807.06,810.59,2254.12
2025-11-21 10:05:00,810.60,815.38,810.46,811.90,1606.13
2025-11-21 10:06:00,811.90,812.19,802.55,810.68,5997.52
2025-11-21 10:07:00,810.68,811.14,808.64,809.38,995.80
2025-11-21 10:08:00,809.39,812.01,809.18,810.78,1896.73
2025-11-21 10:09:00,810.84,812.99,810.73,812.32,885.75
2025-11-21 10:10:00,812.32,815.74,811.89,814.96,2627.02
2025-11-21 10:11:00,814.97,815.48,813.01,813.37,1018.36
2025-11-21 10:12:00,813.37,814.57,811.14,811.15,1329.92
2025-11-21 10:13:00,811.14,811.48,809.61,809.88,696.96
2025-11-21 10:14:00,809.88,810.37,808.08,809.57,587.32
2025-11-21 10:15:00,809.57,810.64,808.00,808.14,923.90
2025-11-21 10:16:00,808.14,810.92,805.62,810.90,1381.49
2025-11-21 10:17:00,810.90,812.84,809.84,810.14,749.42
2025-11-21 10:18:00,810.14,810.58,807.16,808.24,1082.83
2025-11-21 10:19:00,808.24,810.50,808.08,810.28,485.36
2025-11-21 10:20:00,810.28,810.60,807.91,809.00,659.51
2025-11-21 10:21:00,808.99,810.59,808.36,809.91,665.24
2025-11-21 10:22:00,809.90,809.99,806.52,806.73,520.83
2025-11-21 10:23:00,806.72,806.76,805.42,806.64,647.83
2025-11-21 10:24:00,806.64,808.19,806.52,808.19,523.32
2025-11-21 10:25:00,808.19,810.88,808.19,810.27,1089.29
2025-11-21 10:26:00,810.27,812.69,809.16,809.50,898.55
2025-11-21 10:27:00,809.49,809.92,807.61,808.81,1167.12
2025-11-21 10:28:00,808.82,809.03,806.59,807.17,563.50
2025-11-21 10:29:00,807.17,808.40,806.91,808.11,392.37
2025-11-21 10:30:00,808.11,809.04,807.76,808.59,552.26
2025-11-21 10:31:00,808.62,810.56,808.59,809.35,2399.69
2025-11-21 10:32:00,809.35,810.62,809.35,810.28,621.68
2025-11-21 10:33:00,810.28,813.40,809.51,812.82,692.17
2025-11-21 10:34:00,812.82,814.86,811.40,811.42,748.59
2025-11-21 10:35:00,811.43,812.99,810.81,812.83,533.74
2025-11-21 10:36:00,812.82,815.54,812.70,814.55,1860.70
2025-11-21 10:37:00,814.55,815.83,814.13,815.18,1269.81
2025-11-21 10:38:00,815.19,817.83,814.80,817.18,1569.27
2025-11-21 10:39:00,817.18,817.51,815.93,816.72,810.92
2025-11-21 10:40:00,816.72,818.42,816.27,817.74,1588.10
2025-11-21 10:41:00,817.74,818.00,815.44,815.99,659.88
2025-11-21 10:42:00,815.99,815.99,814.72,815.21,306.42
2025-11-21 10:43:00,815.22,816.00,815.04,815.93,321.95
2025-11-21 10:44:00,815.93,815.93,815.01,815.73,151.07
2025-11-21 10:45:00,815.72,816.42,815.26,815.49,460.81
2025-11-21 10:46:00,815.48,815.61,812.14,813.33,600.32
2025-11-21 10:47:00,813.21,814.46,812.86,814.20,233.10
2025-11-21 10:48:00,814.21,814.27,813.07,813.51,194.19
2025-11-21 10:49:00,813.52,813.82,812.41,812.61,208.80
2025-11-21 10:50:00,812.60,812.88,812.09,812.69,155.32
2025-11-21 10:51:00,812.68,813.96,812.21,813.95,277.27
2025-11-21 10:52:00,813.96,815.81,813.69,815.20,270.95
2025-11-21 10:53:00,815.20,815.29,814.11,814.75,198.60
2025-11-21 10:54:00,814.75,814.75,813.64,814.07,158.68
2025-11-21 10:55:00,814.06,814.59,813.10,813.87,105.94
2025-11-21 10:56:00,813.87,814.11,812.16,812.18,172.31
2025-11-21 10:57:00,812.18,812.61,812.08,812.50,171.80
2025-11-21 10:58:00,812.50,813.00,812.22,812.59,222.20
2025-11-21 10:59:00,812.59,813.09,812.30,812.41,268.70
2025-11-21 11:00:00,812.42,812.43,809.84,811.32,800.65
2025-11-21 11:01:00,811.32,815.04,811.32,814.99,602.12
2025-11-21 11:02:00,815.00,815.41,813.50,813.98,508.16
2025-11-21 11:03:00,813.98,814.83,812.55,813.44,492.02
2025-11-21 11:04:00,813.46,815.32,813.27,814.50,329.11
2025-11-21 11:05:00,814.51,815.23,814.10,814.44,367.38
2025-11-21 11:06:00,814.45,816.19,813.76,814.07,337.85
2025-11-21 11:07:00,814.08,817.18,813.94,817.17,433.40
2025-11-21 11:08:00,817.18,820.47,817.18,818.65,2358.38
2025-11-21 11:09:00,818.65,819.26,817.41,818.30,672.23
2025-11-21 11:10:00,818.29,820.11,817.50,818.81,979.44
2025-11-21 11:11:00,818.80,818.80,816.50,816.74,403.11
2025-11-21 11:12:00,816.74,816.74,815.45,815.53,311.03
2025-11-21 11:13:00,815.53,816.47,815.39,816.01,538.35
2025-11-21 11:14:00,816.01,818.79,815.80,818.74,517.80
2025-11-21 11:15:00,818.74,819.14,817.54,817.98,293.61
2025-11-21 11:16:00,817.98,819.29,817.81,818.79,276.70
2025-11-21 11:17:00,818.78,821.67,818.70,819.41,1031.61
2025-11-21 11:18:00,819.41,819.67,818.36,819.00,396.10
2025-11-21 11:19:00,819.00,819.00,817.11,817.23,164.00
2025-11-21 11:20:00,817.24,820.00,817.24,819.79,383.73
2025-11-21 11:21:00,819.79,822.10,819.76,821.83,764.58
2025-11-21 11:22:00,821.84,822.01,819.53,819.80,466.70
2025-11-21 11:23:00,819.81,822.21,819.68,820.57,197.36
2025-11-21 11:24:00,820.57,820.66,819.60,819.63,219.72
2025-11-21 11:25:00,819.64,820.64,819.50,820.52,138.36
2025-11-21 11:26:00,820.50,820.50,819.67,820.19,145.93
2025-11-21 11:27:00,820.19,820.64,819.54,819.74,198.45
2025-11-21 11:28:00,819.75,820.20,819.46,819.46,97.46
2025-11-21 11:29:00,819.46,819.46,818.76,819.00,142.23
2025-11-21 11:30:00,819.02,819.55,818.52,818.94,117.37
2025-11-21 11:31:00,818.93,819.60,818.79,819.09,269.56
2025-11-21 11:32:00,819.09,821.01,819.09,821.01,346.21
2025-11-21 11:33:00,821.01,821.57,819.76,819.76,184.45
2025-11-21 11:34:00,819.76,819.77,817.37,817.37,161.72
2025-11-21 11:35:00,817.38,817.90,817.20,817.28,152.04
2025-11-21 11:36:00,817.27,817.60,816.49,817.29,251.89
2025-11-21 11:37:00,817.29,817.44,815.87,816.23,191.69
2025-11-21 11:38:00,816.23,816.70,815.60,816.21,243.57
2025-11-21 11:39:00,816.22,816.67,815.79,815.79,96.36
2025-11-21 11:40:00,815.78,817.20,813.36,813.78,689.15
2025-11-21 11:41:00,813.78,814.01,812.60,813.22,747.96
2025-11-21 11:42:00,813.22,813.23,810.88,811.13,462.26
2025-11-21 11:43:00,811.13,812.00,811.13,811.89,244.72
2025-11-21 11:44:00,811.89,812.56,811.55,811.97,231.59
2025-11-21 11:45:00,811.97,812.75,811.29,811.56,167.62
2025-11-21 11:46:00,811.56,811.90,810.70,811.29,229.73
2025-11-21 11:47:00,811.30,811.95,810.28,810.46,173.67
2025-11-21 11:48:00,810.46,811.43,810.15,810.22,231.62
2025-11-21 11:49:00,810.21,811.56,809.53,810.30,377.00
2025-11-21 11:50:00,810.31,810.46,809.21,809.89,158.41
2025-11-21 11:51:00,809.88,809.93,808.33,808.35,248.72
2025-11-21 11:52:00,808.35,809.94,808.30,809.57,96.51
2025-11-21 11:53:00,809.57,809.95,808.05,809.39,243.35
2025-11-21 11:54:00,809.40,811.30,809.30,810.72,343.88
2025-11-21 11:55:00,810.74,811.73,809.48,810.33,501.78
2025-11-21 11:56:00,810.34,810.34,808.12,808.76,273.64
2025-11-21 11:57:00,808.77,809.83,808.76,809.68,85.89
2025-11-21 11:58:00,809.70,810.41,808.70,808.73,588.57
2025-11-21 11:59:00,808.74,809.58,808.17,809.08,363.44
2025-11-21 12:00:00,809.08,809.31,808.30,808.49,517.22
2025-11-21 12:01:00,808.46,810.16,805.71,806.82,1444.88
2025-11-21 12:02:00,806.81,808.49,805.72,806.46,484.74
2025-11-21 12:03:00,806.46,809.12,805.92,808.36,461.65
2025-11-21 12:04:00,808.35,808.35,806.48,807.36,441.30
2025-11-21 12:05:00,807.37,808.27,806.69,806.83,263.95
2025-11-21 12:06:00,806.83,808.20,806.62,808.11,284.77
2025-11-21 12:07:00,808.11,808.80,807.11,808.80,631.56
2025-11-21 12:08:00,808.80,808.80,804.57,804.93,954.60
2025-11-21 12:09:00,804.93,807.00,804.83,805.35,579.83
2025-11-21 12:10:00,805.36,805.50,803.57,803.72,604.32
2025-11-21 12:11:00,803.72,804.28,803.59,804.13,403.78
2025-11-21 12:12:00,804.12,804.39,803.67,804.29,359.55
2025-11-21 12:13:00,804.29,806.76,804.28,806.58,499.52
2025-11-21 12:14:00,806.58,807.99,805.86,806.96,544.59
2025-11-21 12:15:00,806.96,806.96,804.27,805.00,353.50
2025-11-21 12:16:00,805.01,805.60,804.01,804.26,725.04
2025-11-21 12:17:00,804.27,804.64,803.69,804.20,336.28
2025-11-21 12:18:00,804.19,804.59,801.50,802.19,1348.71
2025-11-21 12:19:00,802.20,802.99,800.00,801.37,7170.59
2025-11-21 12:20:00,801.37,801.77,800.73,801.38,500.10
2025-11-21 12:21:00,801.38,801.52,798.22,798.66,1524.69
2025-11-21 12:22:00,798.67,799.82,795.88,799.10,2105.68
2025-11-21 12:23:00,799.10,799.74,795.00,796.50,1465.14
2025-11-21 12:24:00,796.51,796.96,790.79,793.37,2732.40
2025-11-21 12:25:00,793.37,797.58,793.20,795.82,1588.84
2025-11-21 12:26:00,795.81,796.77,794.01,794.90,759.34
2025-11-21 12:27:00,794.90,796.27,793.62,796.09,3069.36
2025-11-21 12:28:00,796.08,796.08,793.19,793.38,2505.43
2025-11-21 12:29:00,793.39,795.35,791.57,794.68,3770.29
2025-11-21 12:30:00,794.68,803.57,794.64,800.89,3199.76
2025-11-21 12:31:00,800.91,804.49,798.84,802.28,1485.43
2025-11-21 12:32:00,802.27,804.10,801.57,803.68,1571.16
2025-11-21 12:33:00,803.69,805.31,801.52,803.73,1294.93
2025-11-21 12:34:00,803.73,805.68,803.63,804.35,1486.65
2025-11-21 12:35:00,804.36,805.01,802.01,804.86,860.09
2025-11-21 12:36:00,804.86,810.83,804.08,809.04,1690.49
2025-11-21 12:37:00,809.04,813.14,808.26,812.74,1979.09
2025-11-21 12:38:00,812.75,815.00,812.00,813.99,1986.46
2025-11-21 12:39:00,814.00,815.94,812.58,815.78,2514.23
2025-11-21 12:40:00,815.77,815.82,812.79,815.09,1068.50
2025-11-21 12:41:00,815.07,819.46,814.39,817.41,1302.74
2025-11-21 12:42:00,817.42,817.76,815.44,816.58,854.81
2025-11-21 12:43:00,816.58,817.95,814.33,817.72,733.33
2025-11-21 12:44:00,817.72,819.88,816.82,818.33,794.56
2025-11-21 12:45:00,818.33,822.44,818.33,821.24,2375.84
2025-11-21 12:46:00,821.24,822.58,819.63,819.83,679.58
2025-11-21 12:47:00,819.82,820.51,818.50,819.58,497.22
2025-11-21 12:48:00,819.51,820.42,816.66,817.49,548.73
2025-11-21 12:49:00,817.50,818.13,816.48,818.01,557.39
2025-11-21 12:50:00,818.01,821.98,817.59,821.20,573.47
2025-11-21 12:51:00,821.20,821.52,819.88,821.47,522.35
2025-11-21 12:52:00,821.46,822.90,820.42,820.42,602.64
2025-11-21 12:53:00,820.43,821.95,820.43,821.75,430.19
2025-11-21 12:54:00,821.75,822.36,821.40,822.32,250.95
2025-11-21 12:55:00,822.32,822.32,819.68,819.69,628.65
2025-11-21 12:56:00,819.68,820.31,818.50,818.92,522.87
2025-11-21 12:57:00,818.91,819.23,817.40,818.91,412.95
2025-11-21 12:58:00,818.90,818.90,817.44,818.18,393.27
2025-11-21 12:59:00,818.17,818.75,817.67,818.55,224.98
2025-11-21 13:00:00,818.55,819.28,817.35,819.21,355.51
2025-11-21 13:01:00,819.21,819.78,818.38,818.38,293.15
2025-11-21 13:02:00,818.39,820.90,818.02,819.34,408.43
2025-11-21 13:03:00,819.34,821.11,818.19,818.41,368.10
2025-11-21 13:04:00,818.41,818.64,815.50,816.88,647.58
2025-11-21 13:05:00,816.88,818.06,815.72,817.72,221.00
2025-11-21 13:06:00,817.73,819.96,817.35,819.52,311.66
2025-11-21 13:07:00,819.51,819.94,818.70,818.70,132.18
2025-11-21 13:08:00,818.70,821.63,818.53,821.63,1327.58
2025-11-21 13:09:00,821.63,823.98,821.63,823.64,857.01
2025-11-21 13:10:00,823.64,824.02,820.13,820.13,363.88
2025-11-21 13:11:00,820.12,821.05,819.78,820.39,345.09
2025-11-21 13:12:00,820.39,820.91,819.92,820.28,249.14
2025-11-21 13:13:00,820.26,821.74,819.54,821.15,1083.04
2025-11-21 13:14:00,821.14,821.86,820.69,821.59,299.51
2025-11-21 13:15:00,821.59,822.41,820.75,822.04,862.45
2025-11-21 13:16:00,822.04,822.84,820.71,822.22,665.32
2025-11-21 13:17:00,822.23,825.44,822.01,823.90,3296.73
2025-11-21 13:18:00,823.90,823.90,821.38,821.84,760.27
2025-11-21 13:19:00,821.83,822.55,820.58,822.11,207.04
2025-11-21 13:20:00,822.12,822.31,820.19,820.51,582.34
2025-11-21 13:21:00,820.50,822.28,819.85,820.21,395.27
2025-11-21 13:22:00,820.21,820.96,818.36,818.95,409.17
2025-11-21 13:23:00,818.88,819.20,818.01,818.73,339.08
2025-11-21 13:24:00,818.73,818.87,817.49,817.62,307.38
2025-11-21 13:25:00,817.61,818.29,816.87,818.22,502.46
2025-11-21 13:26:00,818.22,819.44,817.53,819.33,184.22
2025-11-21 13:27:00,819.34,819.49,818.51,818.79,129.28
2025-11-21 13:28:00,818.79,819.10,817.60,817.74,395.40
2025-11-21 13:29:00,817.74,818.69,817.49,817.86,198.66
2025-11-21 13:30:00,817.87,818.83,817.64,818.83,64.81
2025-11-21 13:31:00,818.82,819.83,818.18,819.33,236.11
2025-11-21 13:32:00,819.33,819.90,818.27,818.67,170.58
2025-11-21 13:33:00,818.67,819.20,817.55,819.10,146.13
2025-11-21 13:34:00,819.09,819.56,818.86,818.99,210.05
2025-11-21 13:35:00,818.99,820.79,818.98,820.40,539.04
2025-11-21 13:36:00,820.40,822.00,820.40,821.78,273.67
2025-11-21 13:37:00,821.79,822.00,821.28,822.00,145.03
2025-11-21 13:38:00,822.01,822.59,821.66,822.38,212.83
2025-11-21 13:39:00,822.39,822.40,821.28,821.47,277.36
2025-11-21 13:40:00,821.47,822.44,821.36,822.01,185.12
2025-11-21 13:41:00,822.02,823.40,822.02,823.08,306.15
2025-11-21 13:42:00,823.07,823.82,823.00,823.36,187.01
2025-11-21 13:43:00,823.36,824.19,823.36,823.90,195.71
2025-11-21 13:44:00,823.90,824.03,823.17,823.88,244.52
2025-11-21 13:45:00,823.88,824.48,823.15,824.02,328.91
2025-11-21 13:46:00,824.03,825.50,823.01,823.48,1535.72
2025-11-21 13:47:00,823.49,825.51,822.86,824.97,686.21
2025-11-21 13:48:00,824.96,826.69,824.66,826.07,463.80
2025-11-21 13:49:00,826.07,826.07,824.14,824.66,204.16
2025-11-21 13:50:00,824.66,826.10,824.21,825.95,674.66
2025-11-21 13:51:00,825.95,828.29,825.80,827.83,993.30
2025-11-21 13:52:00,827.82,828.55,825.40,825.43,654.03
2025-11-21 13:53:00,825.42,825.76,824.72,825.03,714.16
2025-11-21 13:54:00,825.04,825.08,824.62,825.08,132.67
2025-11-21 13:55:00,825.09,825.40,824.11,824.11,218.48
2025-11-21 13:56:00,824.12,824.87,823.72,824.00,619.81
2025-11-21 13:57:00,824.00,824.12,823.20,823.68,741.38
2025-11-21 13:58:00,823.68,824.00,823.22,823.53,249.45
2025-11-21 13:59:00,823.53,824.40,822.76,822.87,438.14
2025-11-21 14:00:00,822.87,823.16,821.69,821.80,314.14
2025-11-21 14:01:00,821.79,821.79,820.34,821.09,340.84
2025-11-21 14:02:00,821.08,821.95,820.93,821.92,120.97
2025-11-21 14:03:00,821.91,822.68,821.68,821.89,305.26
2025-11-21 14:04:00,821.89,821.91,821.00,821.00,214.31
2025-11-21 14:05:00,821.00,822.16,820.62,820.84,719.70
2025-11-21 14:06:00,820.85,822.20,820.80,821.94,152.80
2025-11-21 14:07:00,821.95,822.32,821.19,821.94,134.45
2025-11-21 14:08:00,821.94,822.94,821.92,822.67,253.06
2025-11-21 14:09:00,822.67,823.54,822.61,823.37,148.83
2025-11-21 14:10:00,823.37,823.41,821.71,821.71,113.72
2025-11-21 14:11:00,821.71,821.71,820.61,820.81,206.09
2025-11-21 14:12:00,820.81,820.96,820.24,820.82,433.86
2025-11-21 14:13:00,820.81,820.81,819.59,819.61,186.93
2025-11-21 14:14:00,819.60,820.29,819.26,819.76,182.10
2025-11-21 14:15:00,819.76,819.76,817.97,817.97,195.06
2025-11-21 14:16:00,817.96,818.72,817.20,818.49,160.74
2025-11-21 14:17:00,818.48,818.48,817.20,817.80,282.11
2025-11-21 14:18:00,817.80,818.39,817.60,817.61,129.13
2025-11-21 14:19:00,817.60,818.30,817.52,818.18,62.98
2025-11-21 14:20:00,818.18,819.10,818.17,818.71,333.89
2025-11-21 14:21:00,818.70,819.87,818.63,819.46,334.70
2025-11-21 14:22:00,819.46,819.71,818.90,819.15,335.23
2025-11-21 14:23:00,819.15,820.40,818.93,820.25,290.78
2025-11-21 14:24:00,820.28,820.36,819.66,819.81,151.24
2025-11-21 14:25:00,819.81,820.21,819.16,819.76,148.71
2025-11-21 14:26:00,819.77,820.10,819.31,819.43,219.93
2025-11-21 14:27:00,819.44,819.70,817.71,817.89,356.80
2025-11-21 14:28:00,817.89,818.43,817.61,818.06,148.04
2025-11-21 14:29:00,818.06,819.07,817.55,817.94,696.34
2025-11-21 14:30:00,817.95,825.00,817.20,822.36,1241.26
2025-11-21 14:31:00,822.36,824.25,820.10,820.71,769.15
2025-11-21 14:32:00,820.72,823.97,820.17,823.12,788.98
2025-11-21 14:33:00,823.11,823.97,820.92,823.88,602.02
2025-11-21 14:34:00,823.88,828.20,823.88,827.90,1662.85
2025-11-21 14:35:00,828.19,829.00,825.95,828.93,778.96
2025-11-21 14:36:00,828.92,831.24,828.11,829.10,1857.67
2025-11-21 14:37:00,829.09,830.14,826.96,827.47,1037.79
2025-11-21 14:38:00,827.44,831.00,826.61,827.08,1242.63
2025-11-21 14:39:00,827.00,829.30,826.88,827.28,456.57
2025-11-21 14:40:00,827.28,829.60,825.99,829.54,631.19
2025-11-21 14:41:00,829.53,831.47,829.53,830.25,457.83
2025-11-21 14:42:00,830.25,831.45,827.71,828.43,406.39
2025-11-21 14:43:00,828.42,828.43,826.56,827.26,345.31
2025-11-21 14:44:00,827.25,827.90,826.69,827.45,359.98
2025-11-21 14:45:00,827.45,828.30,825.08,825.37,749.37
2025-11-21 14:46:00,825.36,825.64,823.00,823.47,496.15
2025-11-21 14:47:00,823.47,824.39,822.30,822.56,293.21
2025-11-21 14:48:00,822.59,825.13,822.59,824.59,344.26
2025-11-21 14:49:00,824.59,824.89,822.92,824.45,218.78
2025-11-21 14:50:00,824.46,825.41,824.07,824.72,210.58
2025-11-21 14:51:00,824.72,827.20,823.86,826.07,285.45
2025-11-21 14:52:00,826.07,828.08,825.22,828.08,326.70
2025-11-21 14:53:00,828.08,828.64,827.61,828.01,267.50
2025-11-21 14:54:00,828.01,830.61,827.78,830.33,240.84
2025-11-21 14:55:00,830.35,831.33,829.48,831.01,578.80
2025-11-21 14:56:00,831.01,831.12,828.34,828.95,597.02
2025-11-21 14:57:00,828.95,830.12,828.80,828.90,183.37
2025-11-21 14:58:00,828.91,830.08,828.07,830.07,516.58
2025-11-21 14:59:00,830.06,830.52,828.49,828.51,429.76
2025-11-21 15:00:00,828.51,830.27,828.16,828.24,438.95
2025-11-21 15:01:00,828.25,828.25,826.21,826.37,1574.69
2025-11-21 15:02:00,826.37,826.73,825.38,825.41,295.66
2025-11-21 15:03:00,825.42,825.94,824.55,825.92,560.90
2025-11-21 15:04:00,825.94,826.57,825.04,826.14,435.84
2025-11-21 15:05:00,826.14,827.38,825.97,826.66,328.89
2025-11-21 15:06:00,826.65,828.28,825.82,827.10,248.96
2025-11-21 15:07:00,827.10,827.17,825.69,825.70,206.49
2025-11-21 15:08:00,825.70,826.26,824.18,825.19,440.92
2025-11-21 15:09:00,825.19,826.29,824.21,825.61,243.31
2025-11-21 15:10:00,825.60,825.60,823.90,824.70,324.54
2025-11-21 15:11:00,824.70,824.73,823.47,824.34,280.56
2025-11-21 15:12:00,824.34,824.74,823.39,823.54,272.27
2025-11-21 15:13:00,823.53,823.53,821.80,822.98,432.96
2025-11-21 15:14:00,822.98,823.82,822.30,823.12,206.13
2025-11-21 15:15:00,823.12,824.77,822.95,823.76,392.94
2025-11-21 15:16:00,823.75,824.52,823.28,823.48,260.94
2025-11-21 15:17:00,823.45,823.45,819.68,820.79,859.40
2025-11-21 15:18:00,820.79,821.92,820.64,821.46,329.69
2025-11-21 15:19:00,821.46,821.92,820.92,821.36,233.31
2025-11-21 15:20:00,821.36,821.54,818.47,819.05,428.80
2025-11-21 15:21:00,819.05,819.60,818.10,818.65,329.24
2025-11-21 15:22:00,818.64,820.38,816.41,819.40,1211.20
2025-11-21 15:23:00,819.41,821.30,819.41,820.62,273.82
2025-11-21 15:24:00,820.61,820.72,819.11,820.42,207.01
2025-11-21 15:25:00,820.43,823.12,820.25,821.60,483.13
2025-11-21 15:26:00,821.60,821.60,818.06,818.92,502.44
2025-11-21 15:27:00,818.92,819.20,817.89,818.36,378.65
2025-11-21 15:28:00,818.35,819.51,817.74,818.55,151.26
2025-11-21 15:29:00,818.55,818.64,817.93,818.23,198.46
2025-11-21 15:30:00,818.23,819.12,817.49,818.09,207.95
2025-11-21 15:31:00,818.08,819.15,817.18,819.15,128.09
2025-11-21 15:32:00,819.16,819.65,818.42,819.07,154.77
2025-11-21 15:33:00,819.07,819.25,817.94,817.94,294.22
2025-11-21 15:34:00,817.95,818.40,816.60,817.07,545.35
2025-11-21 15:35:00,817.07,817.13,816.20,816.48,174.08
2025-11-21 15:36:00,816.49,816.78,815.49,815.49,509.10
2025-11-21 15:37:00,815.50,815.76,813.19,814.53,1458.58
2025-11-21 15:38:00,814.53,814.77,813.03,813.38,686.13
2025-11-21 15:39:00,813.38,813.59,811.50,812.47,1575.87
2025-11-21 15:40:00,812.48,812.80,811.98,812.49,950.01
2025-11-21 15:41:00,812.49,813.59,812.24,813.07,542.26
2025-11-21 15:42:00,813.07,813.62,811.89,812.83,597.14
2025-11-21 15:43:00,812.83,814.08,812.83,813.93,126.53
2025-11-21 15:44:00,813.94,816.02,813.94,815.55,309.26
2025-11-21 15:45:00,815.54,817.75,814.54,817.46,341.66
2025-11-21 15:46:00,817.45,817.71,816.30,816.94,166.34
2025-11-21 15:47:00,816.93,817.28,815.77,816.45,141.29
2025-11-21 15:48:00,816.45,816.96,814.58,815.99,363.34
2025-11-21 15:49:00,815.99,817.57,815.65,817.08,387.20
2025-11-21 15:50:00,817.08,817.09,815.19,816.31,117.17
2025-11-21 15:51:00,816.31,816.32,814.00,814.24,248.08
2025-11-21 15:52:00,814.23,814.36,812.90,812.90,1024.21
2025-11-21 15:53:00,812.90,812.90,811.04,811.68,445.53
2025-11-21 15:54:00,811.68,812.85,811.65,812.68,381.07
2025-11-21 15:55:00,812.67,813.02,811.60,812.85,243.19
2025-11-21 15:56:00,812.86,815.06,812.65,814.60,591.77
2025-11-21 15:57:00,814.57,814.58,812.50,812.58,200.85
2025-11-21 15:58:00,812.58,813.86,811.36,813.78,490.85
2025-11-21 15:59:00,813.78,813.99,813.00,813.67,322.49
2025-11-21 16:00:00,813.67,814.90,812.90,813.54,181.79
2025-11-21 16:01:00,813.55,814.66,813.10,813.68,176.25
2025-11-21 16:02:00,813.68,813.83,811.59,812.61,426.38
2025-11-21 16:03:00,812.60,812.95,811.00,812.19,667.38
2025-11-21 16:04:00,812.18,812.19,810.00,810.41,854.69
2025-11-21 16:05:00,810.43,810.90,808.89,809.39,1139.23
2025-11-21 16:06:00,809.38,810.03,808.03,809.87,772.34
2025-11-21 16:07:00,809.90,812.48,809.26,812.47,259.40
2025-11-21 16:08:00,812.48,816.33,812.46,813.54,591.23
2025-11-21 16:09:00,813.54,814.25,811.76,813.41,441.19
2025-11-21 16:10:00,813.43,814.47,812.16,812.33,298.74
2025-11-21 16:11:00,812.34,813.15,811.23,811.93,420.33
2025-11-21 16:12:00,811.93,812.20,810.50,811.08,311.40
2025-11-21 16:13:00,811.10,816.36,811.10,814.52,765.24
2025-11-21 16:14:00,814.52,814.52,812.67,814.38,382.87
2025-11-21 16:15:00,814.37,814.37,812.40,813.48,313.75
2025-11-21 16:16:00,813.48,813.94,811.42,813.72,352.04
2025-11-21 16:17:00,813.72,816.00,811.78,812.85,452.47
2025-11-21 16:18:00,812.88,813.12,809.90,810.18,961.17
2025-11-21 16:19:00,810.19,811.56,809.84,811.55,253.68
2025-11-21 16:20:00,811.55,813.36,811.20,813.05,319.54
2025-11-21 16:21:00,813.08,817.00,812.04,816.65,356.32
2025-11-21 16:22:00,816.64,818.55,814.92,815.04,791.79
2025-11-21 16:23:00,814.99,814.99,812.78,813.34,260.12
2025-11-21 16:24:00,813.34,814.47,813.30,814.30,191.63
2025-11-21 16:25:00,814.29,815.47,813.50,815.43,301.60
2025-11-21 16:26:00,815.44,816.43,815.01,815.01,143.16
2025-11-21 16:27:00,815.01,816.93,814.83,816.64,371.60
2025-11-21 16:28:00,816.64,818.44,816.47,817.55,580.00
2025-11-21 16:29:00,817.52,818.59,816.40,818.56,224.96
2025-11-21 16:30:00,818.49,820.42,817.61,817.61,536.97
2025-11-21 16:31:00,817.61,817.91,816.66,816.73,309.94
2025-11-21 16:32:00,816.74,817.57,815.47,816.74,236.60
2025-11-21 16:33:00,816.72,818.18,816.67,817.28,254.19
2025-11-21 16:34:00,817.24,817.65,816.28,816.28,194.48
2025-11-21 16:35:00,816.27,817.32,816.10,816.60,230.25
2025-11-21 16:36:00,816.59,819.80,816.57,819.37,332.85
2025-11-21 16:37:00,819.37,821.35,819.29,820.88,380.67
2025-11-21 16:38:00,820.88,822.50,820.55,822.24,575.24
2025-11-21 16:39:00,822.25,822.39,819.77,820.09,266.23
2025-11-21 16:40:00,820.10,821.15,820.00,820.52,246.12
2025-11-21 16:41:00,820.51,821.07,818.78,819.31,204.41
2025-11-21 16:42:00,819.30,819.70,818.60,818.65,463.36
2025-11-21 16:43:00,818.65,818.90,817.30,817.30,307.15
2025-11-21 16:44:00,817.29,817.29,815.43,816.50,657.45
2025-11-21 16:45:00,816.50,816.50,813.84,814.73,341.78
2025-11-21 16:46:00,814.73,816.64,814.40,815.44,194.50
2025-11-21 16:47:00,815.44,817.35,815.27,817.34,127.84
2025-11-21 16:48:00,817.34,819.89,817.34,819.35,259.55
2025-11-21 16:49:00,819.35,820.42,819.34,819.97,233.38
2025-11-21 16:50:00,820.00,821.19,819.10,820.99,443.57
2025-11-21 16:51:00,820.95,822.24,820.90,822.01,276.10
2025-11-21 16:52:00,822.04,825.66,821.97,825.53,625.69
2025-11-21 16:53:00,825.53,827.48,825.01,827.09,763.66
2025-11-21 16:54:00,827.05,827.54,825.30,825.53,320.00
2025-11-21 16:55:00,825.54,827.19,825.48,825.85,278.66
2025-11-21 16:56:00,825.85,828.27,825.85,827.72,354.33
2025-11-21 16:57:00,827.71,828.11,826.70,826.81,214.94
2025-11-21 16:58:00,826.84,828.74,826.84,828.31,437.68
2025-11-21 16:59:00,828.32,828.90,827.76,828.31,221.62
2025-11-21 17:00:00,828.32,828.78,826.73,827.50,830.50
2025-11-21 17:01:00,827.49,828.80,826.70,827.38,487.36
2025-11-21 17:02:00,827.38,828.96,827.28,827.82,253.06
2025-11-21 17:03:00,827.81,830.90,827.72,830.80,1526.42
2025-11-21 17:04:00,830.80,831.81,830.42,831.11,656.66
2025-11-21 17:05:00,831.10,831.49,829.92,830.51,296.35
2025-11-21 17:06:00,830.51,832.50,830.31,832.00,1082.38
2025-11-21 17:07:00,832.00,834.70,831.65,834.66,2364.20
2025-11-21 17:08:00,834.65,834.65,832.93,834.04,1774.55
2025-11-21 17:09:00,834.03,834.55,833.50,833.50,320.70
2025-11-21 17:10:00,833.50,833.50,831.21,832.66,484.62
2025-11-21 17:11:00,832.64,833.31,831.81,832.03,233.02
2025-11-21 17:12:00,832.04,832.54,830.91,831.59,363.58
2025-11-21 17:13:00,831.59,832.24,830.73,831.60,260.91
2025-11-21 17:14:00,831.62,832.64,831.38,832.28,239.33
2025-11-21 17:15:00,832.30,833.58,832.30,832.78,248.28
2025-11-21 17:16:00,832.77,833.57,831.46,832.57,401.32
2025-11-21 17:17:00,832.53,834.19,831.99,833.25,749.94
2025-11-21 17:18:00,833.26,834.86,833.20,834.59,641.94
2025-11-21 17:19:00,834.59,834.99,832.53,832.56,238.02
2025-11-21 17:20:00,832.53,832.54,830.92,831.60,148.79
2025-11-21 17:21:00,831.60,833.55,831.60,831.88,173.08
2025-11-21 17:22:00,831.89,834.08,831.89,833.26,210.58
2025-11-21 17:23:00,833.26,834.63,832.63,834.63,238.59
2025-11-21 17:24:00,834.63,835.00,834.40,834.49,229.02
2025-11-21 17:25:00,834.49,835.90,834.14,834.63,1694.91
2025-11-21 17:26:00,834.64,834.84,834.04,834.21,470.40
2025-11-21 17:27:00,834.21,834.21,832.24,832.57,145.16
2025-11-21 17:28:00,832.57,832.64,832.06,832.32,75.57
2025-11-21 17:29:00,832.33,833.28,832.01,832.52,656.47
2025-11-21 17:30:00,832.52,833.73,832.52,833.52,132.46
2025-11-21 17:31:00,833.51,834.73,833.46,833.75,301.16
2025-11-21 17:32:00,833.73,834.42,832.84,834.00,156.74
2025-11-21 17:33:00,834.00,834.50,833.86,834.48,228.06
2025-11-21 17:34:00,834.47,834.73,834.00,834.15,426.35
2025-11-21 17:35:00,834.14,834.69,833.66,834.59,232.70
2025-11-21 17:36:00,834.60,835.20,834.18,835.20,175.18
2025-11-21 17:37:00,835.20,835.37,833.02,833.46,511.37
2025-11-21 17:38:00,833.46,833.70,831.69,832.43,245.60
2025-11-21 17:39:00,832.44,833.42,832.44,832.92,88.40
2025-11-21 17:40:00,832.95,833.35,832.50,832.57,163.21
2025-11-21 17:41:00,832.56,834.27,831.83,834.27,244.92
2025-11-21 17:42:00,834.28,834.60,833.82,834.60,154.84
2025-11-21 17:43:00,834.60,834.70,834.31,834.52,90.50
2025-11-21 17:44:00,834.51,834.84,834.14,834.59,80.95
2025-11-21 17:45:00,834.60,836.36,834.46,835.30,641.62
2025-11-21 17:46:00,835.30,835.49,832.79,833.79,111.82
2025-11-21 17:47:00,833.80,834.53,833.60,834.39,78.12
2025-11-21 17:48:00,834.40,835.24,834.05,835.24,100.56
2025-11-21 17:49:00,835.24,835.70,835.11,835.31,208.13
2025-11-21 17:50:00,835.31,835.32,834.40,834.58,322.55
2025-11-21 17:51:00,834.58,834.98,834.09,834.63,110.19
2025-11-21 17:52:00,834.63,834.63,832.64,832.65,106.19
2025-11-21 17:53:00,832.65,832.80,831.70,831.80,166.20
2025-11-21 17:54:00,831.80,832.11,830.73,831.62,182.13
2025-11-21 17:55:00,831.62,833.20,831.62,832.47,183.88
2025-11-21 17:56:00,832.46,832.46,831.40,831.62,119.16
2025-11-21 17:57:00,831.63,832.20,831.21,832.03,120.56
2025-11-21 17:58:00,832.03,832.63,831.79,831.92,130.10
2025-11-21 17:59:00,831.91,832.10,831.56,831.65,92.98
2025-11-21 18:00:00,831.65,832.51,830.72,830.84,205.66
2025-11-21 18:01:00,830.84,831.06,828.83,829.52,1146.06
2025-11-21 18:02:00,829.51,829.73,828.52,828.53,234.51
2025-11-21 18:03:00,828.53,828.76,826.74,827.23,385.58
2025-11-21 18:04:00,827.22,827.22,825.58,825.67,346.26
2025-11-21 18:05:00,825.67,826.20,823.35,823.50,453.16
2025-11-21 18:06:00,823.50,825.19,822.44,824.66,406.06
2025-11-21 18:07:00,824.67,824.70,822.67,823.19,540.14
2025-11-21 18:08:00,823.20,823.20,821.55,822.72,302.72
2025-11-21 18:09:00,822.71,823.85,822.28,823.21,311.78
2025-11-21 18:10:00,823.20,823.61,821.26,821.48,302.39
2025-11-21 18:11:00,821.47,822.36,818.32,819.90,1547.78
2025-11-21 18:12:00,819.89,819.89,818.49,819.64,229.28
2025-11-21 18:13:00,819.64,819.99,817.70,817.85,449.11
2025-11-21 18:14:00,817.84,818.07,816.16,817.62,433.53
2025-11-21 18:15:00,817.62,817.62,815.29,816.72,1205.30
2025-11-21 18:16:00,816.72,817.22,815.59,816.50,319.39
2025-11-21 18:17:00,816.49,816.60,814.88,815.29,781.44
2025-11-21 18:18:00,815.29,815.90,814.85,815.90,182.14
2025-11-21 18:19:00,815.90,816.96,815.90,816.78,195.91
2025-11-21 18:20:00,816.78,817.74,816.09,816.91,228.98
2025-11-21 18:21:00,816.90,819.37,816.90,818.75,521.21
2025-11-21 18:22:00,818.72,818.79,817.09,817.68,88.69
2025-11-21 18:23:00,817.67,819.15,817.31,818.54,135.89
2025-11-21 18:24:00,818.54,819.05,818.09,818.80,108.96
2025-11-21 18:25:00,818.80,821.67,818.29,820.99,272.68
2025-11-21 18:26:00,821.00,821.16,819.64,820.12,210.60
2025-11-21 18:27:00,820.12,820.91,819.37,820.64,130.07
2025-11-21 18:28:00,820.64,822.14,820.64,821.65,162.34
2025-11-21 18:29:00,821.65,822.43,821.10,822.17,307.27
2025-11-21 18:30:00,822.16,823.33,821.20,823.12,154.60
2025-11-21 18:31:00,823.07,824.27,823.07,823.78,248.66
2025-11-21 18:32:00,823.78,825.26,823.42,825.07,312.81
2025-11-21 18:33:00,825.07,825.44,823.22,823.31,209.84
2025-11-21 18:34:00,823.32,823.98,823.20,823.77,105.78
2025-11-21 18:35:00,823.79,825.07,823.79,825.07,102.77
2025-11-21 18:36:00,825.07,827.82,825.07,826.64,436.33
2025-11-21 18:37:00,826.65,827.52,826.65,827.09,173.86
2025-11-21 18:38:00,827.09,827.68,826.56,826.80,236.38
2025-11-21 18:39:00,826.80,827.35,826.10,826.56,255.94
2025-11-21 18:40:00,826.60,827.12,825.53,826.11,184.86
2025-11-21 18:41:00,826.12,826.20,824.71,826.02,358.96
2025-11-21 18:42:00,826.02,826.30,825.36,825.89,210.18
2025-11-21 18:43:00,825.90,827.19,825.89,827.12,93.12
2025-11-21 18:44:00,827.12,827.43,826.87,827.28,99.97
2025-11-21 18:45:00,827.29,827.82,826.32,826.50,208.08
2025-11-21 18:46:00,826.50,827.05,826.03,826.06,96.10
2025-11-21 18:47:00,826.07,827.10,825.49,827.09,169.86
2025-11-21 18:48:00,827.10,831.70,826.79,830.05,875.95
2025-11-21 18:49:00,830.05,831.92,829.80,830.31,1653.08
2025-11-21 18:50:00,830.31,831.73,829.82,830.15,203.97
2025-11-21 18:51:00,830.15,831.03,829.57,830.50,218.09
2025-11-21 18:52:00,830.49,830.49,828.98,829.44,302.29
2025-11-21 18:53:00,829.44,830.98,829.44,830.00,149.28
2025-11-21 18:54:00,829.99,829.99,828.45,829.26,113.78
2025-11-21 18:55:00,829.27,829.50,828.67,829.50,90.09
2025-11-21 18:56:00,829.50,829.75,828.67,829.14,99.43
2025-11-21 18:57:00,829.15,829.15,827.42,828.12,102.52
2025-11-21 18:58:00,828.11,828.30,827.68,828.29,147.70
2025-11-21 18:59:00,828.30,828.59,828.00,828.00,135.50
2025-11-21 19:00:00,828.00,828.99,827.97,828.60,186.71
2025-11-21 19:01:00,828.60,829.20,827.57,827.57,149.84
2025-11-21 19:02:00,827.57,828.63,827.57,828.30,100.91
2025-11-21 19:03:00,828.30,828.89,827.91,828.61,88.38
2025-11-21 19:04:00,828.62,829.71,828.32,829.44,155.78
2025-11-21 19:05:00,829.43,829.49,828.31,828.35,81.27
2025-11-21 19:06:00,828.34,828.34,826.87,827.05,153.52
2025-11-21 19:07:00,827.06,827.23,826.58,826.78,95.94
2025-11-21 19:08:00,826.78,827.23,826.10,826.70,111.36
2025-11-21 19:09:00,826.70,828.15,826.70,827.99,365.59
2025-11-21 19:10:00,827.99,828.60,826.94,827.22,126.81
2025-11-21 19:11:00,827.22,827.22,826.04,826.48,103.46
2025-11-21 19:12:00,826.49,826.70,825.29,825.29,64.70
2025-11-21 19:13:00,825.28,825.87,824.20,825.13,243.37
2025-11-21 19:14:00,825.12,825.82,824.89,825.49,43.90
2025-11-21 19:15:00,825.49,825.51,824.97,825.49,133.90
2025-11-21 19:16:00,825.50,826.67,825.50,826.62,65.24
2025-11-21 19:17:00,826.63,826.75,826.34,826.51,98.61
2025-11-21 19:18:00,826.50,826.50,825.50,825.71,60.73
2025-11-21 19:19:00,825.71,827.48,825.71,827.48,156.97
2025-11-21 19:20:00,827.48,828.55,827.00,828.42,87.61
2025-11-21 19:21:00,828.43,829.49,828.43,829.40,45.14
2025-11-21 19:22:00,829.39,829.98,828.50,828.86,160.15
2025-11-21 19:23:00,828.85,828.85,828.10,828.55,69.98
2025-11-21 19:24:00,828.56,829.39,828.15,829.05,62.16
2025-11-21 19:25:00,829.05,829.86,829.00,829.16,101.93
2025-11-21 19:26:00,829.15,829.69,829.05,829.46,97.51
2025-11-21 19:27:00,829.45,829.51,829.21,829.34,64.58
2025-11-21 19:28:00,829.33,829.33,828.60,829.05,41.86
2025-11-21 19:29:00,829.05,829.36,828.84,829.00,29.75
2025-11-21 19:30:00,829.00,830.01,828.48,828.49,109.61
2025-11-21 19:31:00,828.49,828.58,826.64,826.90,220.03
2025-11-21 19:32:00,826.91,827.95,826.91,827.33,99.37
2025-11-21 19:33:00,827.33,827.56,826.61,826.66,94.81
2025-11-21 19:34:00,826.66,826.90,826.31,826.77,57.91
2025-11-21 19:35:00,826.78,827.49,826.69,827.49,30.41
2025-11-21 19:36:00,827.50,828.71,827.49,827.94,170.40
2025-11-21 19:37:00,827.84,829.53,827.54,829.11,440.72
2025-11-21 19:38:00,829.12,830.01,829.11,829.87,68.37
2025-11-21 19:39:00,829.86,829.86,829.12,829.17,135.17
2025-11-21 19:40:00,829.17,829.56,828.60,828.66,137.98
2025-11-21 19:41:00,828.66,828.98,827.77,828.49,379.40
2025-11-21 19:42:00,828.50,828.70,827.89,828.15,75.96
2025-11-21 19:43:00,828.16,828.17,826.16,826.18,148.36
2025-11-21 19:44:00,826.19,826.20,825.36,826.19,88.66
2025-11-21 19:45:00,826.19,826.21,825.56,825.99,52.69
2025-11-21 19:46:00,825.99,826.20,824.68,824.90,128.31
2025-11-21 19:47:00,824.90,825.20,824.29,825.19,308.18
2025-11-21 19:48:00,825.19,826.50,824.91,826.27,160.53
2025-11-21 19:49:00,826.26,826.49,825.68,825.91,91.00
2025-11-21 19:50:00,825.91,826.12,825.30,825.49,49.86
2025-11-21 19:51:00,825.49,825.49,824.64,824.81,95.65
2025-11-21 19:52:00,824.81,825.49,824.29,824.69,183.70
2025-11-21 19:53:00,824.70,824.70,823.83,823.95,167.50
2025-11-21 19:54:00,823.95,824.30,823.38,824.24,65.90
2025-11-21 19:55:00,824.25,825.89,824.25,825.63,541.02
2025-11-21 19:56:00,825.63,825.90,825.30,825.53,70.55
2025-11-21 19:57:00,825.53,825.53,824.54,825.27,54.64
2025-11-21 19:58:00,825.27,825.67,825.20,825.20,31.66
2025-11-21 19:59:00,825.21,825.62,825.10,825.55,16.64
2025-11-21 20:00:00,825.54,826.05,825.31,825.66,78.43
2025-11-21 20:01:00,825.65,826.56,825.34,826.42,64.12
2025-11-21 20:02:00,826.41,826.52,825.36,825.90,196.93
2025-11-21 20:03:00,825.89,826.45,825.52,825.68,89.16
2025-11-21 20:04:00,825.72,825.80,824.50,824.58,39.85
2025-11-21 20:05:00,824.57,824.57,821.75,822.37,126.26
2025-11-21 20:06:00,822.24,822.59,821.60,821.72,126.62
2025-11-21 20:07:00,821.73,822.29,821.50,821.51,101.10
2025-11-21 20:08:00,821.51,822.10,821.20,821.71,91.94
2025-11-21 20:09:00,821.72,822.24,821.22,822.24,65.07
2025-11-21 20:10:00,822.24,822.75,821.85,822.75,172.10
2025-11-21 20:11:00,822.77,823.75,822.77,823.42,88.47
2025-11-21 20:12:00,823.42,825.85,823.42,824.90,109.75
2025-11-21 20:13:00,824.90,824.90,823.59,823.95,153.95
2025-11-21 20:14:00,823.72,824.69,823.72,824.69,41.24
2025-11-21 20:15:00,824.70,824.90,822.59,822.59,77.86
2025-11-21 20:16:00,822.59,822.59,822.00,822.44,154.76
2025-11-21 20:17:00,822.44,822.79,822.01,822.45,99.23
2025-11-21 20:18:00,822.44,822.70,821.65,821.65,86.88
2025-11-21 20:19:00,821.65,821.93,820.40,820.93,175.57
2025-11-21 20:20:00,820.92,821.09,820.10,820.66,127.47
2025-11-21 20:21:00,820.67,820.80,819.50,819.63,353.79
2025-11-21 20:22:00,819.60,820.64,818.82,820.02,405.91
2025-11-21 20:23:00,820.02,820.36,818.71,819.26,98.92
2025-11-21 20:24:00,819.26,819.53,818.86,819.32,150.80
2025-11-21 20:25:00,819.33,820.63,819.33,820.60,161.04
2025-11-21 20:26:00,820.60,821.20,820.51,820.66,80.95
2025-11-21 20:27:00,820.66,820.66,818.46,818.46,147.06
2025-11-21 20:28:00,818.45,818.80,817.70,818.71,150.39
2025-11-21 20:29:00,818.71,818.71,817.10,817.31,121.56
2025-11-21 20:30:00,817.31,817.94,816.80,817.44,213.95
2025-11-21 20:31:00,817.43,818.02,817.18,818.02,75.53
2025-11-21 20:32:00,818.02,818.16,816.30,816.80,340.60
2025-11-21 20:33:00,816.80,819.00,816.65,818.84,455.17
2025-11-21 20:34:00,818.83,819.13,817.02,817.21,68.88
2025-11-21 20:35:00,817.21,819.94,817.20,818.61,248.40
2025-11-21 20:36:00,818.60,818.65,817.50,817.51,74.59
2025-11-21 20:37:00,817.50,818.96,817.07,818.96,126.47
2025-11-21 20:38:00,818.97,821.30,818.97,821.30,136.73
2025-11-21 20:39:00,821.30,821.60,820.49,820.49,162.51
2025-11-21 20:40:00,820.48,820.80,819.65,820.80,77.70
2025-11-21 20:41:00,820.80,821.94,820.25,821.20,514.58
2025-11-21 20:42:00,821.19,822.21,820.90,820.90,105.67
2025-11-21 20:43:00,820.90,822.98,820.17,822.34,166.82
2025-11-21 20:44:00,822.34,822.94,821.70,822.59,174.55
2025-11-21 20:45:00,822.58,823.01,821.45,822.04,272.70
2025-11-21 20:46:00,822.05,823.94,821.92,823.58,138.61
2025-11-21 20:47:00,823.58,824.94,822.57,823.62,516.38
2025-11-21 20:48:00,823.62,825.00,823.04,824.99,107.85
2025-11-21 20:49:00,825.00,825.43,824.14,824.50,413.21
2025-11-21 20:50:00,824.49,826.29,823.29,823.52,358.81
2025-11-21 20:51:00,823.37,824.79,823.06,824.30,124.53
2025-11-21 20:52:00,824.31,824.52,823.40,823.40,124.35
2025-11-21 20:53:00,823.36,824.45,822.70,822.70,107.71
2025-11-21 20:54:00,822.69,823.73,822.37,823.56,139.50
2025-11-21 20:55:00,823.56,823.82,821.00,821.90,386.85
2025-11-21 20:56:00,821.90,824.75,821.90,824.70,100.38
2025-11-21 20:57:00,824.70,824.78,823.32,824.38,288.03
2025-11-21 20:58:00,824.38,824.40,823.36,823.74,64.99
2025-11-21 20:59:00,823.75,824.03,821.76,823.45,479.26
2025-11-21 21:00:00,823.48,824.02,822.81,823.80,131.43
2025-11-21 21:01:00,823.82,825.40,823.82,824.19,118.34
2025-11-21 21:02:00,824.20,824.80,823.78,823.95,58.85
2025-11-21 21:03:00,823.94,823.94,822.16,822.21,120.29
2025-11-21 21:04:00,822.19,822.19,820.17,822.13,226.29
2025-11-21 21:05:00,822.14,822.59,820.56,821.14,118.95
2025-11-21 21:06:00,821.15,823.19,821.14,822.47,177.86
2025-11-21 21:07:00,822.47,822.62,821.37,821.90,90.47
2025-11-21 21:08:00,821.90,822.36,821.27,822.35,118.96
2025-11-21 21:09:00,822.35,822.70,821.13,821.15,87.87
2025-11-21 21:10:00,821.16,823.04,820.73,823.04,195.52
2025-11-21 21:11:00,823.05,823.74,822.16,822.16,116.01
2025-11-21 21:12:00,822.17,822.49,821.05,822.20,110.94
2025-11-21 21:13:00,822.21,823.41,822.21,823.16,109.95
2025-11-21 21:14:00,823.17,823.87,823.17,823.73,66.80
2025-11-21 21:15:00,823.73,824.29,822.95,822.95,66.55
2025-11-21 21:16:00,822.93,823.48,822.21,823.07,199.71
2025-11-21 21:17:00,823.08,826.04,823.08,825.87,143.33
2025-11-21 21:18:00,825.87,826.50,823.37,823.40,102.72
2025-11-21 21:19:00,823.39,824.85,823.35,824.40,79.24
2025-11-21 21:20:00,824.37,826.64,824.21,826.54,183.90
2025-11-21 21:21:00,826.55,827.15,826.32,826.92,94.48
2025-11-21 21:22:00,826.93,828.61,826.89,828.11,517.72
2025-11-21 21:23:00,828.11,828.71,827.58,828.63,137.45
2025-11-21 21:24:00,828.64,829.15,828.07,828.25,171.56
2025-11-21 21:25:00,828.25,830.04,828.01,829.85,543.02
2025-11-21 21:26:00,829.84,830.10,829.44,829.67,65.39
2025-11-21 21:27:00,829.65,830.79,829.65,830.49,165.68
2025-11-21 21:28:00,830.49,830.60,830.11,830.27,25.61
2025-11-21 21:29:00,830.27,830.90,830.14,830.27,59.31
2025-11-21 21:30:00,830.27,830.49,829.47,829.95,142.58
2025-11-21 21:31:00,829.95,830.94,829.51,829.78,578.49
2025-11-21 21:32:00,829.79,830.50,829.31,829.83,141.01
2025-11-21 21:33:00,829.83,829.90,829.17,829.28,99.61
2025-11-21 21:34:00,829.28,829.28,828.40,829.27,210.28
2025-11-21 21:35:00,829.28,830.60,829.28,829.95,112.77
2025-11-21 21:36:00,829.95,832.39,829.95,831.49,168.65
2025-11-21 21:37:00,831.49,831.95,830.96,831.27,80.12
2025-11-21 21:38:00,831.26,831.90,830.99,831.90,87.67
2025-11-21 21:39:00,831.90,832.55,831.56,832.00,225.72
2025-11-21 21:40:00,832.29,834.82,831.80,834.61,2938.10
2025-11-21 21:41:00,834.62,834.62,833.69,834.12,215.06
2025-11-21 21:42:00,834.12,834.70,833.91,834.65,92.75
2025-11-21 21:43:00,834.66,834.74,833.99,834.20,137.89
2025-11-21 21:44:00,834.21,834.40,833.40,834.27,113.95
2025-11-21 21:45:00,834.28,834.39,833.50,834.16,88.01
2025-11-21 21:46:00,834.16,834.50,833.19,833.25,244.14
2025-11-21 21:47:00,833.26,833.81,833.26,833.79,77.51
2025-11-21 21:48:00,833.80,835.12,833.76,834.81,261.99
2025-11-21 21:49:00,834.81,835.08,834.50,834.83,69.49
2025-11-21 21:50:00,834.83,835.20,834.30,834.50,95.14
2025-11-21 21:51:00,834.50,835.83,834.39,835.81,132.22
2025-11-21 21:52:00,835.80,836.08,835.62,835.86,184.40
2025-11-21 21:53:00,835.86,836.03,834.60,834.61,68.86
2025-11-21 21:54:00,834.61,834.61,833.40,833.52,110.18
2025-11-21 21:55:00,833.53,834.47,833.17,833.34,131.83
2025-11-21 21:56:00,833.34,834.20,833.24,833.80,120.10
2025-11-21 21:57:00,833.81,834.09,833.50,833.50,71.75
2025-11-21 21:58:00,833.50,833.67,833.16,833.19,71.38
2025-11-21 21:59:00,833.19,834.00,833.19,833.81,35.04
2025-11-21 22:00:00,833.80,834.03,833.70,833.84,52.88
2025-11-21 22:01:00,833.84,835.15,833.84,834.94,69.93
2025-11-21 22:02:00,834.94,835.80,834.94,835.74,58.56
2025-11-21 22:03:00,835.74,836.27,835.61,836.27,117.41
2025-11-21 22:04:00,836.27,836.27,835.59,835.61,82.33
2025-11-21 22:05:00,835.62,835.80,833.94,833.94,74.74
2025-11-21 22:06:00,833.94,835.40,833.88,835.39,46.14
2025-11-21 22:07:00,835.40,835.47,834.14,834.65,70.94
2025-11-21 22:08:00,834.66,835.27,834.56,834.91,64.73
2025-11-21 22:09:00,834.91,835.23,834.80,835.03,60.68
2025-11-21 22:10:00,835.04,835.08,834.55,834.55,86.84
2025-11-21 22:11:00,834.51,834.70,833.72,833.82,119.94
2025-11-21 22:12:00,833.80,833.90,833.32,833.66,158.56
2025-11-21 22:13:00,833.66,834.09,832.80,833.71,98.52
2025-11-21 22:14:00,833.71,834.20,833.59,834.04,84.57
2025-11-21 22:15:00,834.04,835.22,834.03,834.48,102.35
2025-11-21 22:16:00,834.48,835.30,834.26,834.71,74.55
2025-11-21 22:17:00,834.71,834.80,834.07,834.40,41.34
2025-11-21 22:18:00,834.40,834.40,832.90,833.13,108.53
2025-11-21 22:19:00,833.14,833.50,832.94,833.00,50.60
2025-11-21 22:20:00,833.03,833.03,832.10,832.10,73.35
2025-11-21 22:21:00,832.10,832.60,831.90,832.39,86.27
2025-11-21 22:22:00,832.38,832.53,831.00,831.41,96.74
2025-11-21 22:23:00,831.40,831.60,829.04,829.15,229.50
2025-11-21 22:24:00,829.14,829.64,828.65,828.84,218.69
2025-11-21 22:25:00,828.83,829.11,827.79,828.50,199.70
2025-11-21 22:26:00,828.50,830.37,828.50,830.18,124.38
2025-11-21 22:27:00,830.16,831.44,830.04,830.20,69.09
2025-11-21 22:28:00,830.20,830.27,829.10,829.59,72.11
2025-11-21 22:29:00,829.59,829.80,828.80,828.84,118.53
2025-11-21 22:30:00,828.82,828.99,826.50,826.50,153.30
2025-11-21 22:31:00,826.50,826.73,826.00,826.20,146.96
2025-11-21 22:32:00,826.19,827.33,825.95,827.02,161.16
2025-11-21 22:33:00,827.03,827.52,826.12,826.26,94.31
2025-11-21 22:34:00,826.25,826.93,826.12,826.62,127.37
2025-11-21 22:35:00,826.62,826.62,825.25,825.28,202.14
2025-11-21 22:36:00,825.28,828.50,825.11,827.81,432.48
2025-11-21 22:37:00,827.81,829.15,826.88,827.57,259.15
2025-11-21 22:38:00,827.56,828.00,826.32,826.48,79.35
2025-11-21 22:39:00,826.49,827.74,826.49,826.78,359.00
2025-11-21 22:40:00,826.80,827.50,826.63,826.63,75.54
2025-11-21 22:41:00,826.61,826.61,825.20,826.22,90.79
2025-11-21 22:42:00,826.21,827.50,826.11,826.46,123.56
2025-11-21 22:43:00,826.46,827.50,826.46,827.20,111.38
2025-11-21 22:44:00,827.20,828.16,827.20,828.16,113.95
2025-11-21 22:45:00,828.16,829.95,828.15,829.61,66.74
2025-11-21 22:46:00,829.61,829.61,827.60,827.60,47.19
2025-11-21 22:47:00,827.61,827.61,824.05,824.10,277.91
2025-11-21 22:48:00,824.08,824.08,822.52,822.80,463.63
2025-11-21 22:49:00,822.79,822.80,821.80,822.64,144.10
2025-11-21 22:50:00,822.64,823.62,822.48,822.80,138.93
2025-11-21 22:51:00,822.79,822.79,820.41,821.26,203.21
2025-11-21 22:52:00,821.26,821.26,819.70,819.79,265.73
2025-11-21 22:53:00,819.78,820.14,818.50,820.08,423.73
2025-11-21 22:54:00,820.09,820.25,818.83,819.70,132.74
2025-11-21 22:55:00,819.69,820.28,818.47,820.28,82.67
2025-11-21 22:56:00,820.29,820.77,819.70,820.07,126.95
2025-11-21 22:57:00,820.08,820.55,818.48,818.67,86.78
2025-11-21 22:58:00,818.72,819.34,818.11,818.20,88.43
2025-11-21 22:59:00,818.19,818.40,817.00,817.01,177.95
2025-11-21 23:00:00,817.00,817.98,815.55,816.26,893.57
2025-11-21 23:01:00,816.26,816.87,816.26,816.67,225.37
2025-11-21 23:02:00,816.67,817.54,815.61,816.56,138.46
2025-11-21 23:03:00,816.56,817.69,816.35,816.42,167.23
2025-11-21 23:04:00,816.43,818.19,816.42,817.71,388.99
2025-11-21 23:05:00,817.71,818.42,815.66,815.76,172.74
2025-11-21 23:06:00,815.75,816.38,814.67,814.93,372.90
2025-11-21 23:07:00,814.94,814.94,813.85,814.06,235.45
2025-11-21 23:08:00,814.07,816.13,814.07,816.01,139.28
2025-11-21 23:09:00,816.02,817.80,815.86,817.79,167.58
2025-11-21 23:10:00,817.80,818.00,816.02,816.03,237.24
2025-11-21 23:11:00,816.03,817.30,815.70,817.30,126.47
2025-11-21 23:12:00,817.30,818.43,817.30,818.10,230.47
2025-11-21 23:13:00,818.09,818.87,817.73,818.35,120.92
2025-11-21 23:14:00,818.36,818.90,818.12,818.90,115.62
2025-11-21 23:15:00,818.90,820.90,818.90,820.67,174.77
2025-11-21 23:16:00,820.67,821.34,820.67,821.34,102.36
2025-11-21 23:17:00,821.34,821.82,820.74,821.82,179.56
2025-11-21 23:18:00,821.84,822.24,821.84,822.21,88.15
2025-11-21 23:19:00,822.22,823.13,822.14,822.95,118.46
2025-11-21 23:20:00,822.95,824.23,822.78,824.21,71.16
2025-11-21 23:21:00,824.22,825.95,824.21,825.95,147.52
2025-11-21 23:22:00,825.95,825.95,824.53,825.00,153.15
2025-11-21 23:23:00,825.00,826.92,824.96,826.53,115.64
2025-11-21 23:24:00,826.54,827.01,825.55,825.95,168.32
2025-11-21 23:25:00,825.94,826.29,825.48,826.29,168.22
2025-11-21 23:26:00,826.29,826.72,825.39,825.42,63.16
2025-11-21 23:27:00,825.42,827.05,825.21,826.88,86.17
2025-11-21 23:28:00,826.89,828.03,826.89,827.81,241.30
2025-11-21 23:29:00,827.81,828.72,827.31,828.49,205.08
2025-11-21 23:30:00,828.50,828.50,827.40,828.05,104.85
2025-11-21 23:31:00,828.05,830.65,828.05,830.25,624.04
2025-11-21 23:32:00,830.26,830.26,828.08,828.69,331.33
2025-11-21 23:33:00,828.70,830.16,828.70,830.16,74.15
2025-11-21 23:34:00,830.16,831.48,830.16,830.57,196.50
2025-11-21 23:35:00,830.56,830.63,829.41,829.68,423.59
2025-11-21 23:36:00,829.68,829.80,828.55,828.80,108.18
2025-11-21 23:37:00,828.80,829.00,828.31,828.99,135.60
2025-11-21 23:38:00,828.99,829.49,828.70,829.48,109.92
2025-11-21 23:39:00,829.49,829.83,829.06,829.40,129.14
2025-11-21 23:40:00,829.40,829.88,829.40,829.70,62.81
2025-11-21 23:41:00,829.69,830.42,829.45,830.37,115.16
2025-11-21 23:42:00,830.38,831.80,830.38,831.48,204.12
2025-11-21 23:43:00,831.48,831.86,831.48,831.59,61.14
2025-11-21 23:44:00,831.58,831.58,831.15,831.42,182.20
2025-11-21 23:45:00,831.42,833.57,831.42,833.39,747.06
2025-11-21 23:46:00,833.39,833.39,832.41,832.80,104.63
2025-11-21 23:47:00,832.80,833.19,831.95,832.19,104.97
2025-11-21 23:48:00,832.19,832.40,831.85,832.12,52.19
2025-11-21 23:49:00,832.11,832.60,832.10,832.59,36.51
2025-11-21 23:50:00,832.60,832.62,831.13,831.13,103.93
2025-11-21 23:51:00,831.12,831.60,830.99,831.19,88.55
2025-11-21 23:52:00,831.19,831.49,831.00,831.49,50.84
2025-11-21 23:53:00,831.50,831.64,831.20,831.58,28.45
2025-11-21 23:54:00,831.59,832.00,830.56,830.70,97.06
2025-11-21 23:55:00,830.70,830.70,829.58,829.70,226.81
2025-11-21 23:56:00,829.70,830.21,829.63,830.18,110.46
2025-11-21 23:57:00,830.19,830.77,829.90,830.64,87.76
2025-11-21 23:58:00,830.65,831.10,830.30,830.51,89.91
2025-11-21 23:59:00,830.51,830.73,830.35,830.46,109.38
2025-11-22 00:00:00,830.47,831.10,830.47,830.53,140.36
2025-11-22 00:01:00,830.53,831.22,830.10,830.90,101.11
2025-11-22 00:02:00,830.90,832.40,830.90,832.40,104.08
2025-11-22 00:03:00,832.39,833.25,831.39,831.40,194.67
2025-11-22 00:04:00,831.40,832.88,831.21,832.59,122.28
2025-11-22 00:05:00,832.59,832.77,830.90,831.01,87.57
2025-11-22 00:06:00,831.01,832.32,830.95,831.99,57.45
2025-11-22 00:07:00,832.00,834.01,831.81,833.53,156.86
2025-11-22 00:08:00,833.53,837.35,833.52,836.48,890.97
2025-11-22 00:09:00,837.25,838.16,836.70,836.91,726.78
2025-11-22 00:10:00,836.91,836.91,835.46,836.22,291.97
2025-11-22 00:11:00,836.22,836.36,835.40,835.90,128.85
2025-11-22 00:12:00,835.90,836.61,835.70,835.89,112.36
2025-11-22 00:13:00,835.90,838.28,835.90,838.00,779.62
2025-11-22 00:14:00,838.00,839.81,838.00,839.28,527.98
2025-11-22 00:15:00,839.27,839.36,837.87,838.00,500.16
2025-11-22 00:16:00,838.01,838.01,836.62,837.18,201.42
2025-11-22 00:17:00,837.19,837.19,836.12,836.12,167.48
2025-11-22 00:18:00,836.12,836.13,834.70,834.71,130.75
2025-11-22 00:19:00,834.70,838.00,834.70,837.93,570.85
2025-11-22 00:20:00,837.93,838.60,837.21,837.63,165.94
2025-11-22 00:21:00,837.64,837.75,836.87,836.87,109.60
2025-11-22 00:22:00,836.87,837.22,835.71,837.04,136.70
2025-11-22 00:23:00,837.04,837.14,835.43,835.43,97.28
2025-11-22 00:24:00,835.43,835.44,834.19,834.70,354.11
2025-11-22 00:25:00,834.70,834.70,833.85,834.33,199.50
2025-11-22 00:26:00,834.32,834.60,833.80,833.80,156.32
2025-11-22 00:27:00,833.80,834.10,833.36,833.69,264.73
2025-11-22 00:28:00,833.69,834.40,833.68,833.80,122.20
2025-11-22 00:29:00,833.80,836.32,833.54,835.98,674.39
2025-11-22 00:30:00,835.98,836.04,834.53,834.70,227.43
2025-11-22 00:31:00,834.70,837.70,834.69,837.52,244.95
2025-11-22 00:32:00,837.52,838.50,836.90,838.28,237.06
2025-11-22 00:33:00,838.29,838.48,837.82,838.01,170.61
2025-11-22 00:34:00,838.00,838.33,837.20,837.20,106.22
2025-11-22 00:35:00,837.20,837.31,836.38,837.30,134.04
2025-11-22 00:36:00,837.30,837.35,836.31,836.86,356.91
2025-11-22 00:37:00,836.87,838.20,836.40,838.20,128.23
2025-11-22 00:38:00,838.21,838.30,837.81,838.11,93.62
2025-11-22 00:39:00,838.11,838.18,836.77,837.29,248.33
2025-11-22 00:40:00,837.29,837.30,836.72,836.88,55.34
2025-11-22 00:41:00,836.87,836.87,835.80,835.82,53.73
2025-11-22 00:42:00,835.82,836.00,835.60,835.99,133.68
2025-11-22 00:43:00,836.00,836.40,835.90,836.03,36.28
2025-11-22 00:44:00,836.03,836.74,836.02,836.20,57.11
2025-11-22 00:45:00,836.20,836.89,835.70,835.71,68.08
2025-11-22 00:46:00,835.71,836.99,834.61,835.81,308.86
2025-11-22 00:47:00,835.80,836.16,834.57,836.16,307.06
2025-11-22 00:48:00,836.16,836.30,835.75,835.88,55.26
2025-11-22 00:49:00,835.88,837.36,835.50,836.92,307.47
2025-11-22 00:50:00,836.92,836.92,835.02,835.91,193.01
2025-11-22 00:51:00,835.92,837.74,835.92,837.74,89.53
2025-11-22 00:52:00,837.74,838.07,837.30,837.81,77.48
2025-11-22 00:53:00,837.80,837.80,836.10,836.10,86.41
2025-11-22 00:54:00,836.09,836.09,833.70,833.84,212.29
2025-11-22 00:55:00,833.87,834.48,833.87,834.27,130.86
2025-11-22 00:56:00,834.28,835.24,833.97,834.98,108.47
2025-11-22 00:57:00,834.97,835.35,834.52,835.24,140.36
2025-11-22 00:58:00,835.24,835.90,835.12,835.34,265.24
2025-11-22 00:59:00,835.35,835.53,835.10,835.53,63.35
2025-11-22 01:00:00,835.52,836.69,834.50,835.15,259.76
2025-11-22 01:01:00,835.14,836.30,834.64,836.15,78.68
2025-11-22 01:02:00,836.14,837.26,836.11,837.04,125.82
2025-11-22 01:03:00,837.05,838.10,836.67,837.69,80.51
2025-11-22 01:04:00,837.71,838.46,837.61,838.16,193.67
2025-11-22 01:05:00,838.16,838.39,837.20,837.35,302.52
2025-11-22 01:06:00,837.35,838.04,837.25,838.01,73.04
2025-11-22 01:07:00,838.02,838.09,836.90,836.91,93.84
2025-11-22 01:08:00,836.91,837.20,836.80,836.92,89.42
2025-11-22 01:09:00,836.92,837.30,835.45,835.79,112.58
2025-11-22 01:10:00,835.79,835.80,834.31,834.31,70.33
2025-11-22 01:11:00,834.32,835.95,834.07,835.20,131.13
2025-11-22 01:12:00,835.20,836.84,835.03,836.60,150.63
2025-11-22 01:13:00,836.59,836.59,835.44,835.60,161.48
2025-11-22 01:14:00,835.62,836.57,835.47,836.45,67.94
2025-11-22 01:15:00,836.45,836.99,834.85,834.85,143.61
2025-11-22 01:16:00,834.85,836.19,834.58,836.19,75.61
2025-11-22 01:17:00,836.20,837.10,836.00,837.10,82.06
2025-11-22 01:18:00,837.11,838.22,837.11,838.20,111.32
2025-11-22 01:19:00,838.20,838.69,837.97,838.37,93.98
2025-11-22 01:20:00,838.36,838.41,837.72,837.89,152.37
2025-11-22 01:21:00,837.89,837.90,836.88,837.79,91.43
2025-11-22 01:22:00,837.80,837.82,837.28,837.28,48.37
2025-11-22 01:23:00,837.27,838.17,836.94,837.89,185.07
2025-11-22 01:24:00,837.89,839.20,837.89,839.19,357.81
2025-11-22 01:25:00,839.20,839.77,838.76,839.01,162.38
2025-11-22 01:26:00,839.00,839.00,837.90,838.05,48.59
2025-11-22 01:27:00,838.05,838.20,837.80,837.93,45.68
2025-11-22 01:28:00,837.93,838.60,837.10,838.59,59.07
2025-11-22 01:29:00,838.60,839.08,838.49,838.56,86.94
2025-11-22 01:30:00,838.56,839.97,838.56,839.61,79.10
2025-11-22 01:31:00,839.61,841.95,839.32,841.49,495.83
2025-11-22 01:32:00,841.49,841.54,839.33,839.93,281.30
2025-11-22 01:33:00,839.94,840.99,839.60,840.83,174.70
2025-11-22 01:34:00,840.84,841.67,840.63,840.80,305.81
2025-11-22 01:35:00,840.81,842.00,840.73,841.79,111.30
2025-11-22 01:36:00,841.80,841.91,840.80,840.85,160.51
2025-11-22 01:37:00,840.85,840.85,839.50,839.50,212.16
2025-11-22 01:38:00,839.50,839.62,839.10,839.45,45.75
2025-11-22 01:39:00,839.45,840.40,839.38,840.35,47.57
2025-11-22 01:40:00,840.36,840.57,839.96,839.96,128.64
2025-11-22 01:41:00,839.97,840.16,839.23,839.57,50.76
2025-11-22 01:42:00,839.56,839.56,838.40,838.40,115.40
2025-11-22 01:43:00,838.40,838.41,837.60,837.60,100.49
2025-11-22 01:44:00,837.61,838.18,837.42,837.91,108.86
2025-11-22 01:45:00,837.92,839.70,837.92,839.70,79.32
2025-11-22 01:46:00,839.69,840.29,839.05,839.90,137.11
2025-11-22 01:47:00,839.90,840.69,839.58,839.99,160.55
2025-11-22 01:48:00,839.99,840.85,839.81,840.80,99.97
2025-11-22 01:49:00,840.80,841.64,840.79,841.12,150.16
2025-11-22 01:50:00,841.12,841.94,840.80,841.53,156.60
2025-11-22 01:51:00,841.55,841.90,841.50,841.77,63.01
2025-11-22 01:52:00,841.77,842.00,841.45,841.45,51.91
2025-11-22 01:53:00,841.46,841.51,841.00,841.30,32.78
2025-11-22 01:54:00,841.30,841.89,841.24,841.24,51.98
2025-11-22 01:55:00,841.25,841.99,840.72,841.49,158.54
2025-11-22 01:56:00,841.50,841.55,840.80,840.92,204.46
2025-11-22 01:57:00,840.95,841.00,840.13,840.82,85.49
2025-11-22 01:58:00,840.82,841.46,840.50,841.34,166.09
2025-11-22 01:59:00,841.34,842.22,840.97,842.21,397.42
2025-11-22 02:00:00,842.20,842.69,841.72,842.69,537.45
2025-11-22 02:01:00,842.69,842.93,842.02,842.05,70.82
2025-11-22 02:02:00,842.05,842.58,841.33,842.38,118.47
2025-11-22 02:03:00,842.38,842.50,841.32,842.18,119.09
2025-11-22 02:04:00,842.18,842.18,841.20,841.26,58.68
2025-11-22 02:05:00,841.27,841.30,840.04,840.04,66.85
2025-11-22 02:06:00,840.02,840.02,837.83,838.13,184.17
2025-11-22 02:07:00,838.01,839.02,837.63,838.93,122.13
2025-11-22 02:08:00,838.94,839.80,838.60,839.80,110.45
2025-11-22 02:09:00,839.79,840.32,839.51,839.51,131.00
2025-11-22 02:10:00,839.50,839.51,838.50,838.51,95.50
2025-11-22 02:11:00,838.51,838.98,837.81,838.09,118.17
2025-11-22 02:12:00,838.09,838.29,837.72,838.29,144.17
2025-11-22 02:13:00,838.29,838.55,838.13,838.43,61.54
2025-11-22 02:14:00,838.43,838.44,838.05,838.33,37.34
2025-11-22 02:15:00,838.33,838.39,837.40,838.20,113.31
2025-11-22 02:16:00,838.20,838.63,838.19,838.60,42.84
2025-11-22 02:17:00,838.62,838.74,838.20,838.21,72.02
2025-11-22 02:18:00,838.20,838.20,836.50,836.79,77.16
2025-11-22 02:19:00,836.80,837.77,836.70,837.41,146.86
2025-11-22 02:20:00,837.41,837.69,836.73,836.78,54.64
2025-11-22 02:21:00,836.80,837.04,836.50,836.75,61.53
2025-11-22 02:22:00,836.75,836.75,836.09,836.10,25.66
2025-11-22 02:23:00,836.10,837.45,836.09,836.61,160.16
2025-11-22 02:24:00,836.61,836.70,836.33,836.49,42.56
2025-11-22 02:25:00,836.49,837.76,836.31,837.75,86.07
2025-11-22 02:26:00,837.75,838.46,837.69,838.45,65.76
2025-11-22 02:27:00,838.46,838.46,837.72,837.72,57.51
2025-11-22 02:28:00,837.71,837.99,837.60,837.91,64.21
2025-11-22 02:29:00,837.90,838.13,837.85,838.13,54.97
2025-11-22 02:30:00,838.13,838.20,837.41,837.41,59.41
2025-11-22 02:31:00,837.42,837.88,837.20,837.31,36.69
2025-11-22 02:32:00,837.32,837.50,836.87,836.87,36.10
2025-11-22 02:33:00,836.86,837.03,836.40,836.70,81.60
2025-11-22 02:34:00,836.69,836.69,834.31,834.78,199.93
2025-11-22 02:35:00,834.78,835.70,834.61,835.70,66.13
2025-11-22 02:36:00,835.70,835.81,834.14,834.38,260.45
2025-11-22 02:37:00,834.37,834.44,834.20,834.32,47.47
2025-11-22 02:38:00,834.31,834.31,833.03,833.18,296.58
2025-11-22 02:39:00,833.18,833.44,832.86,833.44,75.49
2025-11-22 02:40:00,833.44,833.44,832.89,833.25,94.19
2025-11-22 02:41:00,833.25,833.40,832.34,833.24,328.01
2025-11-22 02:42:00,833.23,833.24,832.80,832.80,113.23
2025-11-22 02:43:00,832.81,832.81,832.20,832.80,84.44
2025-11-22 02:44:00,832.80,833.03,832.10,832.49,350.29
2025-11-22 02:45:00,832.50,833.36,832.50,833.36,97.56
2025-11-22 02:46:00,833.35,833.36,832.99,833.29,117.55
2025-11-22 02:47:00,833.29,833.29,832.66,832.88,75.59
2025-11-22 02:48:00,832.89,833.30,831.80,832.19,1340.19
2025-11-22 02:49:00,832.19,832.76,831.84,832.76,309.48
2025-11-22 02:50:00,832.76,833.19,832.50,833.09,91.65
2025-11-22 02:51:00,833.10,835.37,833.10,835.16,350.32
2025-11-22 02:52:00,835.17,835.38,834.64,834.72,75.80
2025-11-22 02:53:00,834.72,835.04,833.93,835.01,148.83
2025-11-22 02:54:00,835.00,835.01,834.62,834.81,58.68
2025-11-22 02:55:00,834.82,835.02,834.60,834.76,28.41
2025-11-22 02:56:00,834.75,834.80,834.18,834.58,89.59
2025-11-22 02:57:00,834.58,835.56,834.58,835.56,58.34
2025-11-22 02:58:00,835.57,835.69,835.37,835.60,36.19
2025-11-22 02:59:00,835.60,836.58,835.60,836.37,80.99
2025-11-22 03:00:00,836.37,836.37,835.10,835.14,56.15
2025-11-22 03:01:00,835.15,836.38,835.14,836.14,159.76
2025-11-22 03:02:00,836.15,836.41,835.19,835.19,115.40
2025-11-22 03:03:00,835.19,836.67,835.18,836.22,92.29
2025-11-22 03:04:00,836.22,836.22,834.20,834.75,157.16
2025-11-22 03:05:00,834.76,835.13,834.18,834.48,65.45
2025-11-22 03:06:00,834.49,835.86,834.17,835.23,156.01
2025-11-22 03:07:00,835.22,837.05,834.75,837.05,84.84
2025-11-22 03:08:00,837.06,838.20,837.06,837.78,195.40
2025-11-22 03:09:00,837.77,837.78,836.81,837.04,62.59
2025-11-22 03:10:00,837.05,837.06,836.10,836.68,96.35
2025-11-22 03:11:00,836.68,837.20,836.50,837.12,52.32
2025-11-22 03:12:00,837.12,837.78,837.08,837.77,77.17
2025-11-22 03:13:00,837.78,838.39,837.61,838.38,105.40
2025-11-22 03:14:00,838.38,838.38,837.90,838.02,39.88
2025-11-22 03:15:00,838.03,838.04,836.70,837.03,65.95
2025-11-22 03:16:00,837.04,837.54,836.88,836.89,57.41
2025-11-22 03:17:00,836.88,838.04,836.88,837.55,97.82
2025-11-22 03:18:00,837.56,838.34,837.56,837.97,102.24
2025-11-22 03:19:00,837.96,837.96,837.52,837.72,35.68
2025-11-22 03:20:00,837.71,838.10,837.10,837.11,46.64
2025-11-22 03:21:00,837.11,837.20,836.48,836.94,125.90
2025-11-22 03:22:00,836.94,836.94,835.40,835.41,90.04
2025-11-22 03:23:00,835.41,835.41,834.41,834.92,141.26
2025-11-22 03:24:00,834.93,835.52,834.60,835.52,51.70
2025-11-22 03:25:00,835.52,835.62,834.90,834.90,44.65
2025-11-22 03:26:00,834.91,835.50,834.66,835.39,67.85
2025-11-22 03:27:00,835.39,835.68,835.34,835.49,21.31
2025-11-22 03:28:00,835.48,835.68,835.20,835.39,53.97
2025-11-22 03:29:00,835.39,835.80,835.30,835.52,51.33
2025-11-22 03:30:00,835.50,836.40,835.24,836.12,143.26
2025-11-22 03:31:00,836.12,836.38,835.40,835.58,101.68
2025-11-22 03:32:00,835.59,835.62,835.07,835.40,31.04
2025-11-22 03:33:00,835.40,836.66,835.40,836.66,53.35
2025-11-22 03:34:00,836.66,836.89,835.12,835.50,61.05
2025-11-22 03:35:00,835.49,835.50,834.12,834.15,55.58
2025-11-22 03:36:00,834.14,834.44,833.59,833.67,164.75
2025-11-22 03:37:00,833.67,835.05,833.65,835.05,75.20
2025-11-22 03:38:00,835.06,835.47,834.96,835.09,109.63
2025-11-22 03:39:00,835.09,835.90,835.08,835.73,66.35
2025-11-22 03:40:00,835.74,836.30,835.62,836.30,155.14
2025-11-22 03:41:00,836.30,837.23,836.30,836.92,54.78
2025-11-22 03:42:00,836.92,837.01,836.30,836.51,41.96
2025-11-22 03:43:00,836.52,836.91,836.32,836.32,76.50
2025-11-22 03:44:00,836.32,836.90,836.30,836.90,24.01
2025-11-22 03:45:00,836.90,836.90,836.40,836.89,46.29
2025-11-22 03:46:00,836.90,836.90,835.74,836.10,117.95
2025-11-22 03:47:00,836.10,836.58,836.10,836.11,30.38
2025-11-22 03:48:00,836.11,836.11,835.40,835.57,210.41
2025-11-22 03:49:00,835.56,835.89,835.52,835.89,66.45
2025-11-22 03:50:00,835.90,837.40,835.90,836.88,108.05
2025-11-22 03:51:00,836.87,836.87,836.23,836.40,34.76
2025-11-22 03:52:00,836.40,836.40,835.83,836.09,25.30
2025-11-22 03:53:00,836.09,837.30,835.90,837.29,107.45
2025-11-22 03:54:00,837.29,837.50,837.11,837.49,37.82
2025-11-22 03:55:00,837.50,837.65,837.00,837.00,45.45
2025-11-22 03:56:00,837.01,837.01,836.50,836.51,19.88
2025-11-22 03:57:00,836.50,836.57,836.11,836.57,44.53
2025-11-22 03:58:00,836.58,836.90,836.58,836.59,24.10
2025-11-22 03:59:00,836.60,836.68,836.40,836.41,68.15
2025-11-22 04:00:00,836.41,836.69,836.11,836.66,49.23
2025-11-22 04:01:00,836.67,836.67,836.03,836.67,66.65
2025-11-22 04:02:00,836.67,837.47,836.66,836.80,91.99
2025-11-22 04:03:00,836.80,836.80,834.30,834.42,93.99
2025-11-22 04:04:00,834.35,834.70,833.15,834.57,167.26
2025-11-22 04:05:00,834.58,834.75,833.60,834.65,90.36
2025-11-22 04:06:00,834.65,834.65,832.31,832.53,330.73
2025-11-22 04:07:00,832.53,833.32,832.20,832.79,418.94
2025-11-22 04:08:00,832.80,833.64,832.79,833.06,94.17
2025-11-22 04:09:00,833.06,833.29,832.50,832.54,153.00
2025-11-22 04:10:00,832.55,832.99,831.93,832.99,166.76
2025-11-22 04:11:00,832.99,832.99,830.91,831.31,312.74
2025-11-22 04:12:00,831.32,831.40,830.00,830.00,118.27
2025-11-22 04:13:00,830.01,830.15,828.50,828.92,483.80
2025-11-22 04:14:00,828.93,829.42,828.72,829.01,218.61
2025-11-22 04:15:00,829.01,829.28,827.78,828.62,185.07
2025-11-22 04:16:00,828.61,828.61,827.55,828.02,392.04
2025-11-22 04:17:00,828.02,828.45,827.63,827.77,121.71
2025-11-22 04:18:00,827.77,828.10,826.74,826.82,139.56
2025-11-22 04:19:00,826.82,827.45,826.82,827.07,133.01
2025-11-22 04:20:00,827.07,828.87,827.07,828.56,326.36
2025-11-22 04:21:00,828.57,828.80,828.16,828.80,99.38
2025-11-22 04:22:00,828.80,829.94,827.88,828.58,234.75
2025-11-22 04:23:00,828.58,828.58,827.52,827.55,54.90
2025-11-22 04:24:00,827.54,827.54,826.36,827.27,177.57
2025-11-22 04:25:00,827.26,830.32,827.26,830.24,163.12
2025-11-22 04:26:00,830.25,830.44,828.74,828.87,101.19
2025-11-22 04:27:00,828.88,829.64,828.55,829.44,76.48
2025-11-22 04:28:00,829.43,829.76,829.20,829.47,69.03
2025-11-22 04:29:00,829.46,829.46,829.00,829.15,39.76
2025-11-22 04:30:00,829.16,830.74,829.13,829.13,295.06
2025-11-22 04:31:00,829.14,829.80,828.97,829.69,56.62
2025-11-22 04:32:00,829.69,830.40,829.53,830.37,71.65
2025-11-22 04:33:00,830.37,830.94,830.28,830.72,78.69
2025-11-22 04:34:00,830.71,831.52,830.56,830.76,81.18
2025-11-22 04:35:00,830.75,830.90,827.50,827.58,144.75
2025-11-22 04:36:00,827.58,827.58,826.17,826.37,154.33
2025-11-22 04:37:00,826.38,826.63,825.70,826.54,141.77
2025-11-22 04:38:00,826.54,826.80,826.20,826.70,95.17
2025-11-22 04:39:00,826.69,827.00,825.35,827.00,134.16
2025-11-22 04:40:00,826.99,827.01,826.21,826.81,70.83
2025-11-22 04:41:00,826.81,826.81,825.60,826.27,136.34
2025-11-22 04:42:00,826.26,826.93,826.01,826.46,131.71
2025-11-22 04:43:00,826.46,826.60,825.89,826.46,74.10
2025-11-22 04:44:00,826.46,826.70,826.11,826.43,120.46
2025-11-22 04:45:00,826.42,827.36,826.18,827.36,178.66
2025-11-22 04:46:00,827.35,827.52,826.80,826.91,197.57
2025-11-22 04:47:00,826.90,826.90,825.26,826.26,163.74
2025-11-22 04:48:00,826.26,826.90,826.09,826.40,85.61
2025-11-22 04:49:00,826.40,827.64,826.40,827.56,62.26
2025-11-22 04:50:00,827.57,828.02,827.27,827.31,71.10
2025-11-22 04:51:00,827.31,828.60,827.20,828.60,83.37
2025-11-22 04:52:00,828.60,831.49,828.60,830.51,157.15
2025-11-22 04:53:00,830.51,830.83,829.75,830.56,123.60
2025-11-22 04:54:00,830.56,830.78,829.58,830.01,99.62
2025-11-22 04:55:00,830.01,831.40,829.51,830.49,138.01
2025-11-22 04:56:00,830.48,830.49,828.59,828.80,156.24
2025-11-22 04:57:00,828.80,829.64,828.80,829.18,103.87
2025-11-22 04:58:00,829.19,829.81,829.14,829.72,96.43
2025-11-22 04:59:00,829.72,829.90,829.25,829.83,206.86
2025-11-22 05:00:00,829.84,829.92,829.39,829.85,167.82
2025-11-22 05:01:00,829.85,830.57,828.70,828.70,266.62
2025-11-22 05:02:00,828.71,828.71,828.17,828.41,137.65
2025-11-22 05:03:00,828.42,830.20,828.42,830.20,134.13
2025-11-22 05:04:00,830.20,830.52,828.99,828.99,165.02
2025-11-22 05:05:00,829.00,829.49,828.63,829.45,349.05
2025-11-22 05:06:00,829.46,829.60,828.00,828.04,320.13
2025-11-22 05:07:00,828.04,828.04,826.19,826.41,171.40
2025-11-22 05:08:00,826.41,827.41,826.17,827.32,155.27
2025-11-22 05:09:00,827.33,828.30,827.33,828.24,173.15
2025-11-22 05:10:00,828.24,828.40,827.26,827.90,170.87
2025-11-22 05:11:00,827.89,828.47,826.80,826.80,147.18
2025-11-22 05:12:00,826.81,826.96,826.46,826.82,153.48
2025-11-22 05:13:00,826.83,827.61,826.82,827.39,134.94
2025-11-22 05:14:00,827.38,827.39,826.11,826.20,129.33
2025-11-22 05:15:00,826.20,826.20,823.79,823.79,432.65
2025-11-22 05:16:00,823.80,823.86,823.10,823.18,281.70
2025-11-22 05:17:00,823.19,824.09,822.65,822.96,297.67
2025-11-22 05:18:00,822.96,823.88,822.64,822.85,811.71
2025-11-22 05:19:00,822.86,823.62,822.85,823.34,174.54
2025-11-22 05:20:00,823.34,824.06,822.80,822.86,165.44
2025-11-22 05:21:00,822.85,822.85,820.69,820.70,275.76
2025-11-22 05:22:00,820.70,822.04,820.70,822.01,216.45
2025-11-22 05:23:00,822.01,822.01,821.21,821.57,202.30
2025-11-22 05:24:00,821.57,821.94,821.50,821.84,115.52
2025-11-22 05:25:00,821.85,822.66,821.84,822.40,190.86
2025-11-22 05:26:00,822.40,823.87,822.40,823.86,149.71
2025-11-22 05:27:00,823.86,823.86,823.40,823.70,84.89
2025-11-22 05:28:00,823.69,825.23,823.69,824.60,176.68
2025-11-22 05:29:00,824.59,824.59,824.20,824.27,34.20
2025-11-22 05:30:00,824.27,824.40,823.50,823.57,123.22
2025-11-22 05:31:00,823.57,823.57,822.74,822.75,83.22
2025-11-22 05:32:00,822.75,822.79,821.40,822.79,354.33
2025-11-22 05:33:00,822.79,823.44,821.76,821.91,231.69
2025-11-22 05:34:00,821.91,822.70,821.91,822.70,125.01
2025-11-22 05:35:00,822.69,823.67,822.40,823.63,141.76
2025-11-22 05:36:00,823.62,824.20,823.31,824.07,106.34
2025-11-22 05:37:00,824.08,824.44,822.26,822.31,184.83
2025-11-22 05:38:00,822.31,822.35,820.88,821.21,125.31
2025-11-22 05:39:00,821.21,821.30,821.00,821.04,51.62
2025-11-22 05:40:00,821.03,821.05,820.04,820.20,214.99
2025-11-22 05:41:00,820.20,820.50,819.58,820.09,197.98
2025-11-22 05:42:00,820.08,821.01,820.02,820.37,306.30
2025-11-22 05:43:00,820.38,821.50,820.38,821.50,202.95
2025-11-22 05:44:00,821.50,821.81,820.95,821.33,90.20
2025-11-22 05:45:00,821.33,822.67,821.28,821.84,177.04
2025-11-22 05:46:00,821.84,822.04,820.47,821.79,191.48
2025-11-22 05:47:00,821.79,822.72,821.31,822.50,218.02
2025-11-22 05:48:00,822.49,822.74,821.89,821.91,101.45
2025-11-22 05:49:00,821.90,822.52,821.58,822.01,121.36
2025-11-22 05:50:00,822.01,823.10,822.00,822.70,75.06
2025-11-22 05:51:00,822.69,822.85,821.35,821.70,221.55
2025-11-22 05:52:00,821.69,823.10,821.62,822.87,338.76
2025-11-22 05:53:00,822.86,823.23,822.08,822.44,205.11
2025-11-22 05:54:00,822.44,823.91,822.40,823.62,1492.06
2025-11-22 05:55:00,823.62,825.00,823.62,824.96,196.65
2025-11-22 05:56:00,824.97,825.20,824.20,824.46,120.84
2025-11-22 05:57:00,824.45,824.57,824.31,824.31,116.09
2025-11-22 05:58:00,824.31,824.34,823.81,824.10,86.36
2025-11-22 05:59:00,824.09,824.30,823.82,824.30,135.45
2025-11-22 06:00:00,824.30,824.63,824.06,824.18,71.87
2025-11-22 06:01:00,824.19,824.95,823.82,824.38,192.91
2025-11-22 06:02:00,824.37,825.18,824.24,824.96,112.32
2025-11-22 06:03:00,824.95,825.60,824.51,825.60,152.61
2025-11-22 06:04:00,825.59,826.27,824.14,824.15,163.47
2025-11-22 06:05:00,824.14,824.15,821.50,821.97,281.42
2025-11-22 06:06:00,821.96,822.85,821.60,822.76,121.76
2025-11-22 06:07:00,822.76,823.50,822.76,823.05,92.15
2025-11-22 06:08:00,823.05,823.05,821.80,822.41,192.69
2025-11-22 06:09:00,822.42,822.46,820.91,821.07,85.32
2025-11-22 06:10:00,821.06,821.63,820.96,821.60,88.40
2025-11-22 06:11:00,821.60,824.12,821.60,824.00,160.25
2025-11-22 06:12:00,824.00,824.29,823.57,824.29,105.56
2025-11-22 06:13:00,824.29,824.67,824.07,824.40,49.40
2025-11-22 06:14:00,824.39,824.97,824.28,824.96,50.96
2025-11-22 06:15:00,824.96,825.58,823.69,825.26,93.51
2025-11-22 06:16:00,825.25,826.89,825.25,825.85,117.89
2025-11-22 06:17:00,825.84,826.50,825.11,826.32,99.06
2025-11-22 06:18:00,826.31,826.92,825.92,826.19,112.86
2025-11-22 06:19:00,826.17,826.51,825.71,825.76,57.55
2025-11-22 06:20:00,825.76,827.05,825.61,827.05,101.36
2025-11-22 06:21:00,827.05,828.00,827.01,827.72,79.88
2025-11-22 06:22:00,827.71,828.95,827.49,828.67,177.60
2025-11-22 06:23:00,828.68,828.94,828.23,828.43,83.79
2025-11-22 06:24:00,828.43,828.57,827.70,827.96,73.04
2025-11-22 06:25:00,827.96,828.29,827.87,828.02,49.00
2025-11-22 06:26:00,828.02,829.37,827.90,829.29,67.35
2025-11-22 06:27:00,829.30,829.67,828.80,828.80,94.36
2025-11-22 06:28:00,828.81,829.00,828.26,828.46,853.78
2025-11-22 06:29:00,828.46,829.00,828.46,828.76,76.60
2025-11-22 06:30:00,828.77,829.35,828.37,829.19,82.78
2025-11-22 06:31:00,829.18,829.99,829.18,829.45,80.71
2025-11-22 06:32:00,829.45,830.87,829.33,830.25,239.73
2025-11-22 06:33:00,830.27,831.06,829.69,831.06,93.73
2025-11-22 06:34:00,831.05,832.75,831.05,832.74,127.30
2025-11-22 06:35:00,832.75,833.44,832.10,832.16,149.31
2025-11-22 06:36:00,832.17,832.30,831.66,832.16,62.91
2025-11-22 06:37:00,832.16,832.30,831.70,831.92,60.79
2025-11-22 06:38:00,831.91,832.33,830.67,830.84,145.35
2025-11-22 06:39:00,830.87,832.04,830.87,831.32,192.02
2025-11-22 06:40:00,831.32,831.38,830.51,830.58,81.65
2025-11-22 06:41:00,830.57,830.84,830.20,830.58,161.56
2025-11-22 06:42:00,830.58,831.30,830.41,830.96,176.98
2025-11-22 06:43:00,830.96,831.10,830.81,830.99,26.53
2025-11-22 06:44:00,830.98,831.38,830.88,830.96,49.25
2025-11-22 06:45:00,830.96,831.70,830.81,831.61,52.91
2025-11-22 06:46:00,831.61,831.61,830.49,830.84,85.62
2025-11-22 06:47:00,830.83,832.47,830.81,831.79,84.38
2025-11-22 06:48:00,831.80,832.20,831.74,831.81,74.67
2025-11-22 06:49:00,831.80,831.80,830.10,830.16,91.34
2025-11-22 06:50:00,830.15,830.54,829.81,830.30,105.55
2025-11-22 06:51:00,830.29,831.30,830.29,831.29,108.25
2025-11-22 06:52:00,831.30,831.90,831.26,831.89,39.63
2025-11-22 06:53:00,831.89,831.90,830.80,831.09,71.03
2025-11-22 06:54:00,831.10,831.30,830.82,831.25,38.78
2025-11-22 06:55:00,831.24,831.79,830.94,831.79,52.45
2025-11-22 06:56:00,831.78,832.20,831.48,832.20,59.73
2025-11-22 06:57:00,832.19,832.20,831.11,831.24,37.37
2025-11-22 06:58:00,831.23,831.40,830.79,831.39,51.54
2025-11-22 06:59:00,831.40,831.59,831.12,831.54,73.48
2025-11-22 07:00:00,831.54,832.04,830.71,830.71,155.85
2025-11-22 07:01:00,830.70,831.48,830.62,831.30,82.60
2025-11-22 07:02:00,831.30,831.89,830.37,830.62,78.43
2025-11-22 07:03:00,830.63,830.89,830.07,830.86,42.26
2025-11-22 07:04:00,830.86,831.60,830.50,830.51,70.01
2025-11-22 07:05:00,830.50,831.49,830.10,830.10,89.72
2025-11-22 07:06:00,830.11,831.00,830.11,830.99,66.38
2025-11-22 07:07:00,831.00,832.02,830.66,830.88,91.56
2025-11-22 07:08:00,830.88,831.30,830.88,831.00,64.68
2025-11-22 07:09:00,831.01,831.30,830.82,831.24,30.39
2025-11-22 07:10:00,831.20,832.06,831.09,831.42,221.14
2025-11-22 07:11:00,831.42,831.55,830.85,830.96,41.60
2025-11-22 07:12:00,830.95,830.95,830.16,830.30,72.17
2025-11-22 07:13:00,830.29,830.34,829.86,829.90,66.79
2025-11-22 07:14:00,829.90,831.14,829.89,831.14,232.41
2025-11-22 07:15:00,831.14,831.80,831.14,831.61,63.22
2025-11-22 07:16:00,831.61,832.05,830.97,831.11,52.53
2025-11-22 07:17:00,831.11,831.30,830.22,830.81,79.94
2025-11-22 07:18:00,830.81,830.90,830.41,830.55,57.12
2025-11-22 07:19:00,830.54,831.55,830.40,831.51,78.69
2025-11-22 07:20:00,831.52,833.45,831.51,833.21,198.60
2025-11-22 07:21:00,833.44,834.59,833.44,833.77,407.17
2025-11-22 07:22:00,833.77,833.90,833.26,833.89,47.88
2025-11-22 07:23:00,833.90,834.31,833.78,833.79,88.61
2025-11-22 07:24:00,833.78,833.78,832.50,832.72,67.95
2025-11-22 07:25:00,832.71,832.71,831.30,831.71,65.46
2025-11-22 07:26:00,831.70,832.16,831.56,832.15,34.40
2025-11-22 07:27:00,832.16,833.12,832.16,833.12,35.29
2025-11-22 07:28:00,833.11,833.11,832.21,832.26,45.06
2025-11-22 07:29:00,832.26,832.62,832.21,832.60,29.18
2025-11-22 07:30:00,832.59,833.60,832.40,833.60,25.52
2025-11-22 07:31:00,833.60,833.80,833.28,833.41,63.51
2025-11-22 07:32:00,833.41,833.68,833.36,833.67,95.57
2025-11-22 07:33:00,833.66,834.18,833.56,834.17,81.59
2025-11-22 07:34:00,834.17,834.18,833.27,833.30,51.12
2025-11-22 07:35:00,833.30,833.30,831.70,831.71,67.99
2025-11-22 07:36:00,831.71,832.00,831.10,831.10,89.96
2025-11-22 07:37:00,831.10,832.19,831.05,832.19,61.92
2025-11-22 07:38:00,832.20,832.70,832.16,832.69,24.88
2025-11-22 07:39:00,832.70,834.13,832.54,833.89,65.60
2025-11-22 07:40:00,833.88,833.88,833.01,833.56,72.04
2025-11-22 07:41:00,833.57,833.77,832.25,832.59,126.87
2025-11-22 07:42:00,832.60,833.50,832.51,833.25,80.99
2025-11-22 07:43:00,833.24,833.70,833.24,833.67,33.52
2025-11-22 07:44:00,833.67,833.67,833.20,833.21,51.11
2025-11-22 07:45:00,833.20,833.55,832.80,833.37,55.76
2025-11-22 07:46:00,833.36,834.00,833.22,834.00,75.05
2025-11-22 07:47:00,834.00,834.03,832.90,833.39,77.75
2025-11-22 07:48:00,833.40,834.00,833.40,833.48,44.44
2025-11-22 07:49:00,833.47,833.47,832.08,832.08,69.06
2025-11-22 07:50:00,832.08,832.44,831.90,832.03,117.62
2025-11-22 07:51:00,832.03,832.99,832.02,832.50,66.43
2025-11-22 07:52:00,832.51,833.19,832.37,832.40,45.97
2025-11-22 07:53:00,832.40,832.40,831.70,831.98,25.93
2025-11-22 07:54:00,831.99,832.36,831.70,832.34,44.41
2025-11-22 07:55:00,832.33,832.33,831.70,831.77,90.92
2025-11-22 07:56:00,831.77,832.06,831.40,831.40,42.10
2025-11-22 07:57:00,831.40,831.70,831.34,831.59,72.00
2025-11-22 07:58:00,831.58,832.20,831.26,832.04,42.31
2025-11-22 07:59:00,832.03,832.40,831.71,831.79,26.61
2025-11-22 08:00:00,831.80,831.80,830.64,830.65,71.17
2025-11-22 08:01:00,830.65,830.99,830.33,830.99,83.92
2025-11-22 08:02:00,831.00,831.20,830.20,830.29,51.26
2025-11-22 08:03:00,830.29,830.29,829.10,829.50,139.49
2025-11-22 08:04:00,829.49,829.49,828.77,828.99,82.94
2025-11-22 08:05:00,829.00,829.67,828.99,829.20,38.98
2025-11-22 08:06:00,829.21,829.21,828.71,828.77,94.19
2025-11-22 08:07:00,828.78,829.68,828.78,829.19,51.25
2025-11-22 08:08:00,829.19,829.35,828.78,829.13,61.12
2025-11-22 08:09:00,829.13,829.39,828.91,829.24,29.37
2025-11-22 08:10:00,829.25,829.56,829.04,829.32,36.47
2025-11-22 08:11:00,829.31,829.35,828.57,829.11,98.27
2025-11-22 08:12:00,829.12,829.52,829.07,829.47,41.31
2025-11-22 08:13:00,829.47,829.53,829.11,829.24,35.19
2025-11-22 08:14:00,829.23,830.00,829.23,829.83,27.51
2025-11-22 08:15:00,829.82,829.82,829.11,829.25,72.68
2025-11-22 08:16:00,829.25,829.80,829.00,829.59,92.19
2025-11-22 08:17:00,829.59,829.70,827.37,827.40,66.14
2025-11-22 08:18:00,827.41,827.42,826.00,826.00,111.35
2025-11-22 08:19:00,825.99,826.20,823.52,824.07,889.59
2025-11-22 08:20:00,823.68,824.76,823.50,824.76,263.99
2025-11-22 08:21:00,824.77,825.20,824.60,824.61,48.70
2025-11-22 08:22:00,824.60,824.60,823.13,824.14,160.79
2025-11-22 08:23:00,824.14,824.44,823.90,824.14,97.21
2025-11-22 08:24:00,824.16,824.72,824.00,824.19,60.90
2025-11-22 08:25:00,824.18,824.70,823.07,823.17,125.90
2025-11-22 08:26:00,823.17,823.94,822.59,823.94,191.15
2025-11-22 08:27:00,823.94,823.99,822.45,822.89,88.29
2025-11-22 08:28:00,822.90,823.42,822.88,823.20,69.75
2025-11-22 08:29:00,823.21,823.71,823.06,823.45,57.14
2025-11-22 08:30:00,823.44,823.84,822.72,822.73,78.77
2025-11-22 08:31:00,822.73,823.32,822.39,822.68,93.76
2025-11-22 08:32:00,822.67,822.67,821.07,821.39,120.01
2025-11-22 08:33:00,821.40,822.32,820.51,820.66,162.75
2025-11-22 08:34:00,820.67,821.60,819.71,821.24,704.45
2025-11-22 08:35:00,821.24,823.94,820.78,822.16,397.09
2025-11-22 08:36:00,822.16,822.52,821.65,821.65,93.92
2025-11-22 08:37:00,821.66,821.92,820.64,820.69,162.21
2025-11-22 08:38:00,820.70,820.85,819.14,820.40,224.03
2025-11-22 08:39:00,820.40,820.40,819.14,819.36,65.85
2025-11-22 08:40:00,819.37,820.28,819.37,820.28,60.98
2025-11-22 08:41:00,820.27,820.80,820.10,820.52,103.55
2025-11-22 08:42:00,820.53,820.53,818.00,818.77,1117.86
2025-11-22 08:43:00,818.78,818.82,816.00,817.46,2062.50
2025-11-22 08:44:00,817.46,817.72,817.02,817.68,303.48
2025-11-22 08:45:00,817.69,817.93,816.91,816.92,192.21
2025-11-22 08:46:00,816.92,818.59,816.92,818.18,532.91
2025-11-22 08:47:00,818.19,818.92,818.09,818.40,204.12
2025-11-22 08:48:00,818.40,819.24,818.39,819.24,724.37
2025-11-22 08:49:00,819.23,819.24,815.02,815.37,1150.48
2025-11-22 08:50:00,815.36,815.70,814.01,815.70,638.22
2025-11-22 08:51:00,815.69,816.59,814.33,814.33,610.94
2025-11-22 08:52:00,814.32,815.33,814.12,815.25,271.49
2025-11-22 08:53:00,815.26,815.99,815.14,815.99,114.73
2025-11-22 08:54:00,815.98,816.78,815.86,816.41,200.07
2025-11-22 08:55:00,816.41,816.46,816.00,816.24,145.13
2025-11-22 08:56:00,816.24,816.79,815.65,815.65,173.54
2025-11-22 08:57:00,815.66,815.85,815.10,815.10,104.46
2025-11-22 08:58:00,815.10,815.13,814.68,815.12,118.58
2025-11-22 08:59:00,815.12,815.78,815.12,815.73,58.94
2025-11-22 09:00:00,815.73,816.87,815.73,816.87,150.48
2025-11-22 09:01:00,816.87,817.14,815.60,816.13,114.31
2025-11-22 09:02:00,816.13,817.13,815.99,816.97,150.96
2025-11-22 09:03:00,816.97,817.78,816.60,817.10,155.80
2025-11-22 09:04:00,817.11,817.76,816.71,816.92,94.73
2025-11-22 09:05:00,816.92,817.74,816.62,817.61,93.28
2025-11-22 09:06:00,817.61,818.76,817.42,817.44,165.11
2025-11-22 09:07:00,817.44,817.44,816.80,817.35,106.31
2025-11-22 09:08:00,817.36,817.90,817.23,817.78,67.26
2025-11-22 09:09:00,817.79,818.84,817.50,818.61,153.96
2025-11-22 09:10:00,818.61,818.84,818.10,818.84,125.58
2025-11-22 09:11:00,818.84,819.00,818.35,818.76,220.63
2025-11-22 09:12:00,818.77,819.72,818.75,819.58,224.74
2025-11-22 09:13:00,819.58,819.84,819.37,819.83,102.00
2025-11-22 09:14:00,819.83,820.03,819.20,819.21,96.16
2025-11-22 09:15:00,819.20,819.21,818.08,819.11,292.10
2025-11-22 09:16:00,819.11,819.30,817.10,817.27,149.39
2025-11-22 09:17:00,817.27,817.40,817.03,817.40,38.58
2025-11-22 09:18:00,817.39,817.41,816.67,816.69,176.97
2025-11-22 09:19:00,816.68,816.77,815.60,816.23,114.70
2025-11-22 09:20:00,816.22,816.28,815.08,815.37,120.43
2025-11-22 09:21:00,815.38,815.49,814.20,814.29,342.00
2025-11-22 09:22:00,814.29,815.20,813.77,815.19,250.82
2025-11-22 09:23:00,815.20,815.38,814.75,814.85,159.91
2025-11-22 09:24:00,814.85,815.49,814.76,815.48,69.03
2025-11-22 09:25:00,815.49,816.01,815.45,815.73,60.28
2025-11-22 09:26:00,815.72,815.73,815.00,815.36,112.31
2025-11-22 09:27:00,815.35,815.70,815.35,815.69,26.91
2025-11-22 09:28:00,815.69,816.00,815.50,815.60,43.76
2025-11-22 09:29:00,815.60,816.20,815.50,816.20,47.92
2025-11-22 09:30:00,816.20,816.49,815.90,816.00,142.38
2025-11-22 09:31:00,816.01,816.08,814.86,815.24,151.37
2025-11-22 09:32:00,815.24,817.30,815.19,817.30,116.03
2025-11-22 09:33:00,817.30,817.89,817.19,817.36,167.22
2025-11-22 09:34:00,817.39,818.36,817.39,817.97,149.28
2025-11-22 09:35:00,817.98,821.58,817.98,821.07,222.32
2025-11-22 09:36:00,821.58,822.69,821.34,822.50,227.19
2025-11-22 09:37:00,822.50,822.51,821.29,821.33,133.10
2025-11-22 09:38:00,821.33,821.72,821.03,821.56,105.94
2025-11-22 09:39:00,821.55,822.63,821.53,822.52,217.87
2025-11-22 09:40:00,822.53,822.55,821.10,821.35,208.87
2025-11-22 09:41:00,821.34,821.69,820.38,820.77,364.80
2025-11-22 09:42:00,820.77,820.78,819.71,819.86,244.21
2025-11-22 09:43:00,819.87,820.00,819.35,819.99,129.28
2025-11-22 09:44:00,820.00,820.25,819.50,819.87,63.13
2025-11-22 09:45:00,819.87,820.94,819.24,820.81,343.62
2025-11-22 09:46:00,820.82,821.69,820.81,820.89,122.43
2025-11-22 09:47:00,820.88,821.50,820.54,821.49,128.57
2025-11-22 09:48:00,821.50,821.67,821.22,821.43,40.26
2025-11-22 09:49:00,821.44,821.50,820.70,820.70,28.47
2025-11-22 09:50:00,820.71,820.83,819.77,820.15,141.57
2025-11-22 09:51:00,820.15,820.16,819.23,819.49,55.23
2025-11-22 09:52:00,819.49,820.49,818.56,819.75,480.84
2025-11-22 09:53:00,819.74,820.03,819.40,819.69,124.45
2025-11-22 09:54:00,819.69,819.70,819.30,819.30,35.99
2025-11-22 09:55:00,819.31,819.31,818.31,818.56,80.54
2025-11-22 09:56:00,818.57,818.70,818.00,818.01,117.44
2025-11-22 09:57:00,818.01,818.01,817.40,817.79,76.11
2025-11-22 09:58:00,817.80,817.83,817.36,817.37,86.72
2025-11-22 09:59:00,817.37,817.55,816.50,816.71,90.20
2025-11-22 10:00:00,816.71,817.98,816.41,817.66,180.80
2025-11-22 10:01:00,817.66,818.31,817.10,818.07,100.01
2025-11-22 10:02:00,818.08,818.83,818.07,818.70,80.21
2025-11-22 10:03:00,818.69,819.13,818.21,818.78,96.61
2025-11-22 10:04:00,818.78,818.78,818.00,818.43,150.72
2025-11-22 10:05:00,818.43,819.20,818.24,818.95,47.92
2025-11-22 10:06:00,818.96,819.57,818.70,819.13,150.96
2025-11-22 10:07:00,819.13,819.39,818.96,819.38,34.25
2025-11-22 10:08:00,819.38,819.60,819.34,819.54,43.64
2025-11-22 10:09:00,819.54,819.84,818.94,819.20,63.38
2025-11-22 10:10:00,819.20,820.17,819.19,820.17,116.83
2025-11-22 10:11:00,820.16,821.21,820.16,821.00,104.42
2025-11-22 10:12:00,821.00,821.03,820.45,820.93,115.32
2025-11-22 10:13:00,820.92,821.20,820.72,821.20,48.40
2025-11-22 10:14:00,821.19,821.20,820.60,820.61,36.98
2025-11-22 10:15:00,820.60,820.60,820.01,820.05,76.74
2025-11-22 10:16:00,820.04,820.48,819.10,819.12,113.62
2025-11-22 10:17:00,819.12,819.40,816.89,816.89,249.78
2025-11-22 10:18:00,816.90,817.32,816.39,816.97,136.75
2025-11-22 10:19:00,816.96,816.96,816.40,816.50,59.22
2025-11-22 10:20:00,816.50,817.20,816.44,816.79,133.85
2025-11-22 10:21:00,816.79,817.30,816.49,816.96,81.71
2025-11-22 10:22:00,816.96,818.06,816.96,818.06,43.19
2025-11-22 10:23:00,818.06,818.21,817.10,817.11,57.89
2025-11-22 10:24:00,817.10,817.11,815.49,815.75,758.92
2025-11-22 10:25:00,815.74,815.92,814.54,815.71,525.54
2025-11-22 10:26:00,815.72,816.40,815.46,816.37,63.52
2025-11-22 10:27:00,816.36,816.36,815.55,816.00,130.38
2025-11-22 10:28:00,816.00,816.12,815.79,816.03,45.94
2025-11-22 10:29:00,816.02,816.57,815.51,816.45,79.74
2025-11-22 10:30:00,816.46,818.62,816.45,818.11,563.43
2025-11-22 10:31:00,818.10,818.10,817.15,817.30,78.36
2025-11-22 10:32:00,817.30,818.55,817.09,818.04,227.96
2025-11-22 10:33:00,818.04,818.60,817.42,817.70,78.23
2025-11-22 10:34:00,817.70,818.15,817.56,818.09,89.19
2025-11-22 10:35:00,818.09,818.87,817.91,818.66,97.28
2025-11-22 10:36:00,818.66,818.66,818.20,818.32,50.89
2025-11-22 10:37:00,818.31,818.31,817.30,817.85,91.33
2025-11-22 10:38:00,817.86,819.94,817.86,819.50,674.41
2025-11-22 10:39:00,819.50,819.50,818.58,818.76,102.71
2025-11-22 10:40:00,818.76,819.56,818.73,819.45,165.12
2025-11-22 10:41:00,819.44,819.45,818.90,818.92,102.14
2025-11-22 10:42:00,818.92,818.92,818.43,818.64,36.19
2025-11-22 10:43:00,818.64,819.10,818.44,818.77,82.94
2025-11-22 10:44:00,818.78,819.10,818.51,818.81,115.93
2025-11-22 10:45:00,818.81,820.18,818.81,819.15,455.72
2025-11-22 10:46:00,819.14,819.15,818.51,818.87,55.16
2025-11-22 10:47:00,818.88,818.88,817.78,817.88,55.28
2025-11-22 10:48:00,817.88,819.78,817.65,819.11,672.98
2025-11-22 10:49:00,819.11,819.11,818.01,818.71,82.37
2025-11-22 10:50:00,818.70,819.29,818.25,818.79,68.49
2025-11-22 10:51:00,818.79,820.20,818.79,820.13,125.25
2025-11-22 10:52:00,820.14,820.24,819.10,819.69,118.31
2025-11-22 10:53:00,819.68,819.68,819.25,819.35,19.21
2025-11-22 10:54:00,819.35,819.56,818.94,819.56,76.50
2025-11-22 10:55:00,819.57,819.79,819.08,819.32,46.30
2025-11-22 10:56:00,819.33,819.97,819.31,819.91,70.95
2025-11-22 10:57:00,819.91,820.39,819.76,820.14,219.13
2025-11-22 10:58:00,820.14,820.50,820.00,820.01,75.28
2025-11-22 10:59:00,820.01,820.39,819.90,820.39,29.27
2025-11-22 11:00:00,820.38,821.00,820.19,820.78,49.38
2025-11-22 11:01:00,820.78,820.79,819.84,820.20,87.22
2025-11-22 11:02:00,820.19,821.24,820.09,821.04,47.64
2025-11-22 11:03:00,821.04,822.00,820.91,822.00,227.49
2025-11-22 11:04:00,822.00,822.00,819.98,820.18,168.37
2025-11-22 11:05:00,820.19,822.03,818.89,822.03,925.24
2025-11-22 11:06:00,822.02,825.07,822.02,824.69,341.63
2025-11-22 11:07:00,824.86,824.86,823.39,823.65,282.77
2025-11-22 11:08:00,823.66,825.08,822.89,825.07,265.18
2025-11-22 11:09:00,825.08,825.55,824.38,825.20,132.59
2025-11-22 11:10:00,825.19,826.24,824.04,824.55,610.61
2025-11-22 11:11:00,824.55,825.03,824.20,824.58,154.10
2025-11-22 11:12:00,824.58,825.58,824.40,825.58,69.40
2025-11-22 11:13:00,825.57,825.83,825.20,825.83,72.36
2025-11-22 11:14:00,825.83,827.00,825.83,826.89,280.41
2025-11-22 11:15:00,826.88,826.95,826.26,826.83,107.66
2025-11-22 11:16:00,826.82,826.82,825.04,825.41,196.90
2025-11-22 11:17:00,825.41,825.42,824.82,824.98,178.02
2025-11-22 11:18:00,824.97,825.68,824.97,825.68,140.49
2025-11-22 11:19:00,825.67,826.29,825.30,825.71,69.22
2025-11-22 11:20:00,825.71,825.72,824.52,824.53,59.88
2025-11-22 11:21:00,824.53,825.85,824.43,825.41,90.28
2025-11-22 11:22:00,825.40,825.83,825.29,825.41,194.64
2025-11-22 11:23:00,825.41,825.41,824.75,824.75,64.69
2025-11-22 11:24:00,824.74,826.00,824.48,825.81,302.89
2025-11-22 11:25:00,825.81,826.14,825.66,826.00,80.14
2025-11-22 11:26:00,826.00,827.40,827.40,827.40,448.50
2025-11-22 11:27:00,829.64,828.80,828.80,828.80,520.48
2025-11-22 11:28:00,831.24,832.66,829.51,830.20,813.89
2025-11-22 11:29:00,830.21,830.21,829.64,829.64,70.13
2025-11-22 11:30:00,829.64,829.83,828.86,828.86,101.09
2025-11-22 11:31:00,828.87,829.23,828.59,828.59,217.82
2025-11-22 11:32:00,828.60,828.60,828.08,828.18,107.58
2025-11-22 11:33:00,828.18,828.59,828.17,828.31,80.87
2025-11-22 11:34:00,828.31,828.31,827.89,827.94,47.55
2025-11-22 11:35:00,827.95,828.86,827.60,828.26,101.72
2025-11-22 11:36:00,828.25,828.82,828.17,828.82,289.05
2025-11-22 11:37:00,828.81,829.01,828.01,828.39,254.39
2025-11-22 11:38:00,828.39,828.40,827.27,827.49,107.24
2025-11-22 11:39:00,827.50,827.68,827.10,827.37,118.92
2025-11-22 11:40:00,827.37,827.57,827.10,827.24,314.44
2025-11-22 11:41:00,827.24,827.36,826.80,826.95,119.65
2025-11-22 11:42:00,826.95,827.50,826.95,827.25,141.78
2025-11-22 11:43:00,827.24,827.41,826.60,827.40,89.86
2025-11-22 11:44:00,827.40,827.56,827.20,827.21,37.92
2025-11-22 11:45:00,827.20,827.24,826.90,827.22,89.21
2025-11-22 11:46:00,827.21,827.21,826.78,826.79,27.31
2025-11-22 11:47:00,826.78,827.89,826.78,826.90,62.93
2025-11-22 11:48:00,826.90,827.04,826.51,826.64,32.60
2025-11-22 11:49:00,826.63,827.10,826.63,826.64,65.41
2025-11-22 11:50:00,826.63,827.16,826.40,826.96,123.35
2025-11-22 11:51:00,826.95,827.92,826.95,827.85,107.99
2025-11-22 11:52:00,827.84,827.99,827.24,827.24,49.43
2025-11-22 11:53:00,827.25,827.67,827.23,827.55,34.30
2025-11-22 11:54:00,827.55,827.55,826.70,826.70,82.24
2025-11-22 11:55:00,826.71,826.87,826.50,826.51,19.12
2025-11-22 11:56:00,826.51,827.00,826.31,827.00,44.69
2025-11-22 11:57:00,827.00,827.00,826.39,826.59,37.29
2025-11-22 11:58:00,826.60,826.64,826.05,826.12,58.80
2025-11-22 11:59:00,826.13,826.24,825.60,825.60,57.83
2025-11-22 12:00:00,825.60,825.92,825.31,825.70,129.07
2025-11-22 12:01:00,825.70,825.71,825.31,825.70,80.72
2025-11-22 12:02:00,825.69,825.70,825.39,825.60,95.92
2025-11-22 12:03:00,825.59,825.59,825.31,825.33,23.86
2025-11-22 12:04:00,825.33,825.33,824.42,824.59,111.53
2025-11-22 12:05:00,824.60,824.65,823.91,823.92,33.32
2025-11-22 12:06:00,823.91,824.15,823.42,824.08,174.28
2025-11-22 12:07:00,824.07,824.08,823.64,824.07,57.65
2025-11-22 12:08:00,824.07,824.08,821.86,821.87,143.30
2025-11-22 12:09:00,821.87,822.22,821.29,821.43,201.70
2025-11-22 12:10:00,821.43,821.92,820.68,821.60,124.10
2025-11-22 12:11:00,821.59,822.00,821.44,821.68,43.04
2025-11-22 12:12:00,821.68,821.68,821.28,821.31,48.44
2025-11-22 12:13:00,821.32,821.50,821.18,821.24,44.85
2025-11-22 12:14:00,821.24,821.69,821.16,821.69,48.78
2025-11-22 12:15:00,821.69,822.51,821.69,822.19,73.17
2025-11-22 12:16:00,822.19,822.58,822.05,822.09,112.65
2025-11-22 12:17:00,822.09,822.77,822.01,822.55,118.49
2025-11-22 12:18:00,822.55,822.55,821.56,821.99,88.04
2025-11-22 12:19:00,821.99,822.60,821.99,822.31,41.31
2025-11-22 12:20:00,822.30,822.31,821.36,821.72,35.30
2025-11-22 12:21:00,821.72,821.72,820.57,820.58,153.51
2025-11-22 12:22:00,820.57,821.29,820.34,821.08,40.27
2025-11-22 12:23:00,821.08,821.60,821.08,821.60,59.68
2025-11-22 12:24:00,821.60,821.80,821.45,821.75,35.41
2025-11-22 12:25:00,821.75,821.75,820.90,821.00,65.17
2025-11-22 12:26:00,821.02,821.09,820.70,820.95,26.74
2025-11-22 12:27:00,820.94,821.42,820.85,820.97,62.31
2025-11-22 12:28:00,820.97,821.09,820.20,820.20,32.44
2025-11-22 12:29:00,820.21,821.11,820.14,821.11,76.99
2025-11-22 12:30:00,821.10,821.80,821.03,821.44,47.85
2025-11-22 12:31:00,821.41,821.90,821.01,821.90,84.96
2025-11-22 12:32:00,821.90,822.64,821.88,822.22,51.21
2025-11-22 12:33:00,822.21,822.72,822.00,822.69,51.65
2025-11-22 12:34:00,822.69,822.91,821.62,821.62,49.36
2025-11-22 12:35:00,821.62,821.72,821.30,821.70,25.95
2025-11-22 12:36:00,821.70,823.15,821.70,822.70,56.57
2025-11-22 12:37:00,822.70,822.71,822.12,822.33,60.32
2025-11-22 12:38:00,822.32,822.70,822.16,822.49,36.09
2025-11-22 12:39:00,822.48,822.82,822.42,822.42,23.64
2025-11-22 12:40:00,822.40,822.40,821.90,822.09,28.41
2025-11-22 12:41:00,822.09,822.09,820.46,820.46,80.65
2025-11-22 12:42:00,820.44,821.29,820.35,821.20,45.78
2025-11-22 12:43:00,821.20,821.30,821.13,821.21,32.95
2025-11-22 12:44:00,821.22,821.22,820.42,820.49,45.73
2025-11-22 12:45:00,820.48,821.50,820.48,821.14,111.78
2025-11-22 12:46:00,821.15,821.48,820.93,821.01,35.00
2025-11-22 12:47:00,821.01,821.43,820.85,821.27,48.52
2025-11-22 12:48:00,821.27,821.27,820.80,820.94,35.04
2025-11-22 12:49:00,820.94,820.94,819.00,819.03,318.51
2025-11-22 12:50:00,819.04,820.32,819.00,820.31,49.87
2025-11-22 12:51:00,820.32,822.00,820.23,821.89,68.89
2025-11-22 12:52:00,821.88,822.30,821.11,821.61,285.43
2025-11-22 12:53:00,821.61,821.77,820.65,820.65,57.78
2025-11-22 12:54:00,820.64,821.23,820.64,820.81,42.89
2025-11-22 12:55:00,820.82,821.13,820.81,821.08,31.87
2025-11-22 12:56:00,821.08,821.18,820.84,821.01,27.89
2025-11-22 12:57:00,821.00,821.00,820.28,820.70,60.63
2025-11-22 12:58:00,820.70,821.21,820.70,820.96,51.81
2025-11-22 12:59:00,820.96,821.03,820.50,820.56,27.78
2025-11-22 13:00:00,820.58,820.89,820.49,820.61,41.74
2025-11-22 13:01:00,820.60,820.60,819.51,819.52,69.05
2025-11-22 13:02:00,819.51,819.60,817.39,817.79,457.69
2025-11-22 13:03:00,817.69,818.36,817.68,817.90,99.57
2025-11-22 13:04:00,817.90,818.34,817.80,818.12,36.59
2025-11-22 13:05:00,818.12,818.96,817.37,818.96,109.98
2025-11-22 13:06:00,818.96,819.18,818.54,819.18,60.47
2025-11-22 13:07:00,819.18,819.51,818.82,818.93,104.71
2025-11-22 13:08:00,818.93,820.55,818.88,820.55,183.84
2025-11-22 13:09:00,820.56,821.28,820.56,821.15,57.24
2025-11-22 13:10:00,821.15,822.64,820.90,822.46,127.48
2025-11-22 13:11:00,822.46,823.53,822.10,822.15,84.38
2025-11-22 13:12:00,822.16,822.35,821.61,822.34,72.22
2025-11-22 13:13:00,822.34,822.70,822.00,822.50,169.92
2025-11-22 13:14:00,822.50,822.93,821.77,822.02,119.74
2025-11-22 13:15:00,822.02,822.19,821.10,821.30,100.05
2025-11-22 13:16:00,821.30,822.20,821.30,821.60,58.70
2025-11-22 13:17:00,821.57,821.69,820.90,821.69,127.88
2025-11-22 13:18:00,821.69,821.69,821.01,821.01,77.74
2025-11-22 13:19:00,821.01,821.20,820.78,820.88,87.31
2025-11-22 13:20:00,820.89,820.89,820.02,820.10,160.49
2025-11-22 13:21:00,820.11,820.69,819.90,820.69,74.73
2025-11-22 13:22:00,820.69,821.23,819.16,819.49,186.42
2025-11-22 13:23:00,819.49,819.72,818.60,819.13,173.89
2025-11-22 13:24:00,819.13,819.16,818.00,818.59,83.68
2025-11-22 13:25:00,818.60,818.64,817.75,817.76,571.67
2025-11-22 13:26:00,817.75,817.80,817.21,817.65,119.86
2025-11-22 13:27:00,817.64,818.09,817.63,818.09,61.41
2025-11-22 13:28:00,818.09,818.10,817.60,817.62,332.22
2025-11-22 13:29:00,817.62,817.62,817.32,817.61,50.90
2025-11-22 13:30:00,817.61,817.88,817.39,817.39,226.10
2025-11-22 13:31:00,817.38,817.60,816.76,816.98,237.16
2025-11-22 13:32:00,816.98,817.28,816.80,817.04,391.32
2025-11-22 13:33:00,817.04,818.02,817.04,817.19,127.52
2025-11-22 13:34:00,817.18,818.60,817.17,818.59,56.32
2025-11-22 13:35:00,818.60,819.18,817.90,817.90,63.21
2025-11-22 13:36:00,817.91,817.91,815.85,816.10,123.07
2025-11-22 13:37:00,816.09,816.30,815.36,815.94,103.80
2025-11-22 13:38:00,815.93,816.78,815.60,816.00,74.14
2025-11-22 13:39:00,816.00,816.28,816.00,816.20,36.13
2025-11-22 13:40:00,816.19,816.90,816.01,816.01,66.82
2025-11-22 13:41:00,816.01,816.01,815.26,815.60,150.79
2025-11-22 13:42:00,815.60,817.33,815.60,817.23,101.62
2025-11-22 13:43:00,817.22,817.33,816.70,817.05,51.98
2025-11-22 13:44:00,817.04,818.14,816.87,817.99,58.91
2025-11-22 13:45:00,818.00,818.56,817.92,818.03,86.10
2025-11-22 13:46:00,818.03,819.91,818.00,819.49,167.93
2025-11-22 13:47:00,819.45,819.96,819.28,819.43,73.86
2025-11-22 13:48:00,819.44,819.93,819.31,819.57,66.10
2025-11-22 13:49:00,819.56,819.65,819.33,819.64,58.91
2025-11-22 13:50:00,819.65,819.65,818.06,818.48,125.94
2025-11-22 13:51:00,818.48,819.93,818.48,819.85,64.74
2025-11-22 13:52:00,819.84,820.06,818.60,818.61,70.62
2025-11-22 13:53:00,818.62,818.65,817.51,817.51,47.99
2025-11-22 13:54:00,817.50,817.70,817.20,817.43,40.06
2025-11-22 13:55:00,817.43,817.44,817.28,817.39,45.84
2025-11-22 13:56:00,817.38,818.70,817.37,818.70,143.23
2025-11-22 13:57:00,818.70,819.00,818.30,818.38,41.50
2025-11-22 13:58:00,818.39,818.39,817.48,817.88,93.46
2025-11-22 13:59:00,817.87,818.60,817.87,818.39,93.35
2025-11-22 14:00:00,818.39,819.20,818.26,819.15,114.47
2025-11-22 14:01:00,819.16,820.87,819.16,820.55,173.26
2025-11-22 14:02:00,820.56,821.33,820.22,821.32,87.93
2025-11-22 14:03:00,821.32,821.32,820.27,821.05,75.48
2025-11-22 14:04:00,821.08,821.90,820.64,821.40,190.97
2025-11-22 14:05:00,821.36,822.40,821.27,821.78,82.09
2025-11-22 14:06:00,821.77,821.90,821.31,821.72,92.90
2025-11-22 14:07:00,821.72,823.07,821.72,822.82,163.72
2025-11-22 14:08:00,822.83,822.94,821.80,821.81,106.46
2025-11-22 14:09:00,821.81,821.91,821.30,821.48,146.04
2025-11-22 14:10:00,821.47,821.76,820.99,821.17,94.03
2025-11-22 14:11:00,821.18,822.50,821.18,822.50,43.72
2025-11-22 14:12:00,822.49,822.71,821.33,821.72,176.26
2025-11-22 14:13:00,821.73,822.76,821.30,822.71,59.30
2025-11-22 14:14:00,822.65,824.46,822.65,824.00,149.80
2025-11-22 14:15:00,824.01,825.86,824.01,825.78,252.82
2025-11-22 14:16:00,825.78,828.88,825.78,826.44,635.97
2025-11-22 14:17:00,826.44,826.44,824.53,824.60,201.06
2025-11-22 14:18:00,824.59,825.07,823.99,824.64,124.08
2025-11-22 14:19:00,824.64,826.31,824.56,825.20,176.98
2025-11-22 14:20:00,825.21,826.21,825.20,825.87,84.59
2025-11-22 14:21:00,825.86,826.60,825.58,826.14,137.10
2025-11-22 14:22:00,826.14,826.14,824.80,825.21,187.76
2025-11-22 14:23:00,825.22,826.13,825.04,825.61,90.09
2025-11-22 14:24:00,825.61,825.80,824.68,825.79,106.62
2025-11-22 14:25:00,825.80,826.94,825.40,826.39,195.87
2025-11-22 14:26:00,826.40,826.72,826.26,826.45,109.49
2025-11-22 14:27:00,826.48,826.59,825.70,825.95,59.82
2025-11-22 14:28:00,825.92,826.21,825.44,825.45,44.50
2025-11-22 14:29:00,825.44,825.55,825.02,825.38,71.17
2025-11-22 14:30:00,825.38,825.38,824.20,824.20,122.67
2025-11-22 14:31:00,824.21,824.41,823.83,824.20,133.17
2025-11-22 14:32:00,824.20,824.93,824.20,824.93,62.04
2025-11-22 14:33:00,824.92,825.64,824.16,824.32,148.19
2025-11-22 14:34:00,824.32,824.39,823.36,823.99,50.23
2025-11-22 14:35:00,824.00,824.64,823.33,823.37,51.84
2025-11-22 14:36:00,823.36,823.70,822.91,823.03,45.17
2025-11-22 14:37:00,823.07,823.98,823.06,823.89,177.07
2025-11-22 14:38:00,823.89,824.39,823.77,824.38,83.80
2025-11-22 14:39:00,824.39,825.39,824.35,824.35,155.66
2025-11-22 14:40:00,824.36,824.50,823.37,823.51,65.90
2025-11-22 14:41:00,823.51,824.04,823.51,823.77,92.71
2025-11-22 14:42:00,823.78,823.88,822.74,822.84,83.12
2025-11-22 14:43:00,822.84,822.84,822.30,822.46,84.55
2025-11-22 14:44:00,822.46,822.90,822.40,822.41,34.95
2025-11-22 14:45:00,822.41,822.60,821.71,821.71,71.12
2025-11-22 14:46:00,821.70,821.90,820.59,820.59,178.62
2025-11-22 14:47:00,820.60,821.09,820.59,820.81,56.10
2025-11-22 14:48:00,820.81,822.40,820.81,822.32,78.63
2025-11-22 14:49:00,822.32,823.20,822.32,823.10,78.74
2025-11-22 14:50:00,823.10,823.40,822.89,823.31,35.70
2025-11-22 14:51:00,823.31,824.89,823.31,823.61,139.36
2025-11-22 14:52:00,823.60,823.92,823.13,823.92,66.25
2025-11-22 14:53:00,823.94,825.40,823.94,825.24,103.54
2025-11-22 14:54:00,825.24,825.69,824.40,824.59,238.79
2025-11-22 14:55:00,824.60,825.00,824.48,824.70,23.34
2025-11-22 14:56:00,824.69,824.70,824.37,824.38,27.75
2025-11-22 14:57:00,824.37,824.67,824.11,824.67,54.54
2025-11-22 14:58:00,824.68,825.00,824.57,824.67,175.02
2025-11-22 14:59:00,824.66,824.66,824.18,824.40,38.98
2025-11-22 15:00:00,824.40,825.30,823.80,824.07,165.31
2025-11-22 15:01:00,824.08,824.20,823.38,823.38,45.77
2025-11-22 15:02:00,823.37,823.37,822.60,823.19,39.09
2025-11-22 15:03:00,823.19,823.19,822.32,822.48,34.72
2025-11-22 15:04:00,822.47,822.96,822.47,822.88,30.44
2025-11-22 15:05:00,822.87,822.88,821.81,822.87,243.04
2025-11-22 15:06:00,822.88,824.31,822.60,824.24,93.31
2025-11-22 15:07:00,824.25,825.20,823.62,823.79,137.35
2025-11-22 15:08:00,823.79,823.79,823.00,823.15,107.36
2025-11-22 15:09:00,823.15,823.30,822.87,823.08,49.35
2025-11-22 15:10:00,823.07,823.56,822.89,822.91,75.54
2025-11-22 15:11:00,822.91,822.92,822.21,822.61,60.50
2025-11-22 15:12:00,822.61,822.95,822.40,822.54,123.37
2025-11-22 15:13:00,822.53,822.69,822.21,822.69,51.96
2025-11-22 15:14:00,822.70,823.00,822.21,822.69,41.16
2025-11-22 15:15:00,822.69,823.00,822.54,822.99,37.13
2025-11-22 15:16:00,822.99,823.47,822.75,823.12,111.81
2025-11-22 15:17:00,823.14,823.90,822.74,823.88,37.02
2025-11-22 15:18:00,823.90,824.09,823.12,823.12,56.63
2025-11-22 15:19:00,823.11,823.39,822.66,822.89,26.89
2025-11-22 15:20:00,822.90,823.00,822.60,823.00,50.59
2025-11-22 15:21:00,823.00,824.20,822.93,823.45,122.54
2025-11-22 15:22:00,823.45,824.04,822.90,824.04,60.89
2025-11-22 15:23:00,824.04,824.94,823.69,824.12,190.36
2025-11-22 15:24:00,824.12,824.90,824.00,824.73,201.90
2025-11-22 15:25:00,824.73,825.98,824.38,825.82,92.67
2025-11-22 15:26:00,825.83,826.52,824.86,824.86,142.85
2025-11-22 15:27:00,824.85,825.24,824.70,825.24,51.93
2025-11-22 15:28:00,825.23,825.24,824.64,825.16,76.48
2025-11-22 15:29:00,825.15,825.60,824.73,825.24,77.87
2025-11-22 15:30:00,825.23,825.30,824.73,824.73,67.52
2025-11-22 15:31:00,824.72,825.60,824.50,825.30,54.40
2025-11-22 15:32:00,825.30,825.40,824.70,824.92,97.07
2025-11-22 15:33:00,824.92,825.90,824.91,825.58,123.98
2025-11-22 15:34:00,825.58,825.59,824.70,825.20,94.25
2025-11-22 15:35:00,825.21,825.33,824.34,824.48,44.90
2025-11-22 15:36:00,824.47,824.70,823.80,824.37,45.00
2025-11-22 15:37:00,824.38,824.95,824.05,824.49,50.97
2025-11-22 15:38:00,824.50,825.04,824.48,824.49,50.29
2025-11-22 15:39:00,824.48,824.48,822.69,822.91,78.47
2025-11-22 15:40:00,822.92,823.32,820.90,821.22,237.48
2025-11-22 15:41:00,820.92,821.21,820.29,821.01,140.80
2025-11-22 15:42:00,821.01,821.18,820.17,820.57,67.43
2025-11-22 15:43:00,820.56,821.19,820.56,820.86,59.86
2025-11-22 15:44:00,820.87,821.08,820.65,820.76,92.06
2025-11-22 15:45:00,820.76,820.90,819.18,820.07,102.76
2025-11-22 15:46:00,820.07,820.84,819.58,820.38,78.52
2025-11-22 15:47:00,820.37,820.37,819.38,819.55,134.66
2025-11-22 15:48:00,819.55,820.12,818.97,820.11,97.91
2025-11-22 15:49:00,820.11,820.90,820.11,820.60,65.34
2025-11-22 15:50:00,820.59,821.39,820.59,821.06,136.33
2025-11-22 15:51:00,821.06,821.92,821.06,821.70,141.23
2025-11-22 15:52:00,821.71,821.71,820.80,821.08,125.89
2025-11-22 15:53:00,821.07,821.90,820.71,821.64,49.88
2025-11-22 15:54:00,821.64,821.87,821.12,821.59,46.76
2025-11-22 15:55:00,821.59,821.84,821.26,821.46,136.50
2025-11-22 15:56:00,821.45,821.54,821.12,821.41,64.21
2025-11-22 15:57:00,821.42,821.85,821.40,821.40,134.87
2025-11-22 15:58:00,821.40,822.90,821.40,822.65,127.44
2025-11-22 15:59:00,822.65,824.00,822.64,823.22,97.61
2025-11-22 16:00:00,823.21,824.20,822.91,824.20,106.59
2025-11-22 16:01:00,824.20,824.55,822.95,823.05,71.16
2025-11-22 16:02:00,823.01,824.07,823.00,823.54,81.58
2025-11-22 16:03:00,823.54,823.88,823.53,823.81,76.37
2025-11-22 16:04:00,823.82,823.88,823.20,823.40,67.33
2025-11-22 16:05:00,823.41,824.00,823.38,823.83,47.75
2025-11-22 16:06:00,823.84,824.37,823.83,824.14,56.22
2025-11-22 16:07:00,824.14,824.69,823.97,824.54,70.02
2025-11-22 16:08:00,824.56,826.20,824.56,826.15,153.49
2025-11-22 16:09:00,826.15,826.29,825.56,825.72,84.49
2025-11-22 16:10:00,825.72,827.57,825.63,827.52,112.17
2025-11-22 16:11:00,827.52,829.00,827.50,827.86,368.64
2025-11-22 16:12:00,827.86,828.35,827.29,827.62,128.62
2025-11-22 16:13:00,827.63,827.80,827.40,827.80,66.88
2025-11-22 16:14:00,827.80,828.10,827.77,827.89,47.83
2025-11-22 16:15:00,827.89,828.20,827.49,827.49,130.25
2025-11-22 16:16:00,827.46,827.92,827.46,827.81,236.52
2025-11-22 16:17:00,827.81,829.00,827.81,828.65,66.53
2025-11-22 16:18:00,828.64,829.37,828.24,828.60,426.38
2025-11-22 16:19:00,828.60,828.60,827.29,827.42,249.15
2025-11-22 16:20:00,827.43,828.00,827.39,827.54,50.41
2025-11-22 16:21:00,827.54,828.87,827.52,828.68,212.63
2025-11-22 16:22:00,828.67,829.10,828.33,828.58,137.47
2025-11-22 16:23:00,828.59,828.59,827.70,827.77,128.57
2025-11-22 16:24:00,827.76,828.10,827.59,828.09,88.04
2025-11-22 16:25:00,828.10,828.54,828.10,828.13,37.09
2025-11-22 16:26:00,828.13,828.37,827.80,827.87,49.01
2025-11-22 16:27:00,827.86,827.92,827.30,827.30,35.90
2025-11-22 16:28:00,827.30,827.48,827.10,827.48,28.70
2025-11-22 16:29:00,827.49,827.50,827.10,827.29,20.26
2025-11-22 16:30:00,827.30,827.50,826.99,827.00,331.95
2025-11-22 16:31:00,827.00,828.00,826.87,827.85,94.82
2025-11-22 16:32:00,827.86,827.98,826.83,826.90,46.41
2025-11-22 16:33:00,826.90,827.33,826.90,827.31,43.35
2025-11-22 16:34:00,827.30,827.30,826.61,826.74,34.31
2025-11-22 16:35:00,826.73,827.39,826.68,826.83,129.62
2025-11-22 16:36:00,826.82,827.50,826.61,827.40,36.28
2025-11-22 16:37:00,827.41,828.06,827.40,827.61,108.01
2025-11-22 16:38:00,827.61,827.61,827.10,827.11,75.02
2025-11-22 16:39:00,827.10,827.10,826.10,826.30,42.37
2025-11-22 16:40:00,826.29,826.80,826.10,826.80,24.07
2025-11-22 16:41:00,826.80,827.69,826.80,827.69,57.69
2025-11-22 16:42:00,827.70,828.49,827.70,828.49,44.66
2025-11-22 16:43:00,828.49,828.59,828.23,828.56,87.14
2025-11-22 16:44:00,828.56,830.36,828.55,830.20,305.77
2025-11-22 16:45:00,830.37,830.89,829.71,829.71,223.79
2025-11-22 16:46:00,829.70,830.00,829.10,829.35,52.23
2025-11-22 16:47:00,829.36,829.36,828.90,829.06,125.46
2025-11-22 16:48:00,829.07,830.30,829.07,830.25,129.58
2025-11-22 16:49:00,830.24,830.27,829.70,829.80,70.54
2025-11-22 16:50:00,829.80,830.09,829.71,829.90,73.92
2025-11-22 16:51:00,829.87,829.87,828.80,828.93,192.76
2025-11-22 16:52:00,828.93,829.30,828.70,828.88,43.94
2025-11-22 16:53:00,828.85,829.00,828.58,829.00,73.37
2025-11-22 16:54:00,829.00,829.40,828.90,829.37,88.77
2025-11-22 16:55:00,829.37,829.78,829.21,829.77,41.40
2025-11-22 16:56:00,829.78,830.00,829.49,829.96,84.51
2025-11-22 16:57:00,829.96,830.00,829.72,829.93,15.92
2025-11-22 16:58:00,829.93,830.40,829.77,829.83,46.74
2025-11-22 16:59:00,829.83,830.10,829.64,829.65,27.65
2025-11-22 17:00:00,829.65,829.90,829.14,829.22,47.23
2025-11-22 17:01:00,829.22,829.22,828.70,829.05,74.15
2025-11-22 17:02:00,829.06,829.90,829.06,829.79,41.59
2025-11-22 17:03:00,829.73,829.95,828.00,828.00,97.22
2025-11-22 17:04:00,828.01,828.30,827.76,827.92,47.59
2025-11-22 17:05:00,827.87,827.87,827.30,827.37,96.36
2025-11-22 17:06:00,827.37,827.50,827.00,827.09,147.77
2025-11-22 17:07:00,827.10,827.90,827.10,827.47,54.54
2025-11-22 17:08:00,827.46,828.15,827.00,828.00,87.83
2025-11-22 17:09:00,828.00,828.70,827.95,828.39,78.39
2025-11-22 17:10:00,828.39,828.90,828.39,828.61,24.98
2025-11-22 17:11:00,828.60,828.90,827.65,827.92,255.83
2025-11-22 17:12:00,827.92,828.11,827.50,827.50,21.50
2025-11-22 17:13:00,827.51,827.51,826.66,827.14,68.21
2025-11-22 17:14:00,827.15,827.60,827.14,827.60,32.24
2025-11-22 17:15:00,827.60,828.10,827.54,827.94,38.17
2025-11-22 17:16:00,827.94,828.10,827.00,827.50,38.33
2025-11-22 17:17:00,827.50,827.88,827.40,827.87,21.09
2025-11-22 17:18:00,827.87,828.18,827.30,827.31,38.64
2025-11-22 17:19:00,827.31,827.31,827.10,827.12,35.44
2025-11-22 17:20:00,827.11,827.20,826.99,827.13,25.11
2025-11-22 17:21:00,827.14,827.50,827.09,827.20,23.47
2025-11-22 17:22:00,827.19,827.87,827.19,827.87,91.06
2025-11-22 17:23:00,827.88,828.70,827.88,828.42,163.02
2025-11-22 17:24:00,828.42,828.70,828.33,828.70,55.54
2025-11-22 17:25:00,828.69,828.90,828.50,828.57,24.26
2025-11-22 17:26:00,828.57,829.50,828.38,829.44,36.73
2025-11-22 17:27:00,829.45,829.48,829.06,829.19,23.92
2025-11-22 17:28:00,829.19,829.30,828.98,829.21,13.93
2025-11-22 17:29:00,829.21,829.31,829.02,829.31,25.10
2025-11-22 17:30:00,829.32,829.59,829.22,829.33,34.40
2025-11-22 17:31:00,829.33,829.35,828.74,829.12,51.55
2025-11-22 17:32:00,829.12,829.12,828.25,828.70,40.59
2025-11-22 17:33:00,828.69,828.90,828.52,828.90,37.77
2025-11-22 17:34:00,828.90,829.35,828.65,828.67,41.35
2025-11-22 17:35:00,828.68,828.68,828.30,828.48,55.73
2025-11-22 17:36:00,828.49,828.49,827.81,827.94,84.38
2025-11-22 17:37:00,827.95,828.29,827.93,828.23,73.40
2025-11-22 17:38:00,828.23,828.23,827.90,828.07,18.39
2025-11-22 17:39:00,828.06,828.28,827.86,827.86,71.46
2025-11-22 17:40:00,827.87,828.00,827.54,828.00,18.74
2025-11-22 17:41:00,828.00,828.30,827.99,828.16,26.30
2025-11-22 17:42:00,828.17,828.21,827.50,827.51,43.43
2025-11-22 17:43:00,827.50,827.90,827.30,827.79,23.13
2025-11-22 17:44:00,827.78,827.79,827.33,827.69,27.84
2025-11-22 17:45:00,827.69,827.69,827.46,827.49,18.73
2025-11-22 17:46:00,827.48,827.57,826.90,827.31,48.01
2025-11-22 17:47:00,827.30,827.83,827.23,827.23,144.95
2025-11-22 17:48:00,827.22,827.41,827.15,827.33,16.28
2025-11-22 17:49:00,827.33,827.50,827.10,827.25,31.33
2025-11-22 17:50:00,827.25,827.63,827.13,827.38,54.33
2025-11-22 17:51:00,827.38,828.19,827.38,827.95,38.37
2025-11-22 17:52:00,827.95,828.16,827.86,827.94,17.59
2025-11-22 17:53:00,827.95,828.10,827.52,827.69,16.53
2025-11-22 17:54:00,827.69,828.10,827.68,828.03,27.06
2025-11-22 17:55:00,828.02,828.02,827.44,827.58,63.70
2025-11-22 17:56:00,827.60,827.71,827.44,827.54,79.61
2025-11-22 17:57:00,827.54,828.37,827.54,828.37,63.16
2025-11-22 17:58:00,828.36,829.35,828.36,829.05,53.50
2025-11-22 17:59:00,829.05,829.05,828.50,828.74,251.00
2025-11-22 18:00:00,828.74,828.75,828.46,828.46,64.34
2025-11-22 18:01:00,828.45,828.46,828.12,828.13,27.77
2025-11-22 18:02:00,828.13,828.13,827.60,827.61,14.69
2025-11-22 18:03:00,827.61,827.70,827.30,827.70,43.37
2025-11-22 18:04:00,827.70,827.82,827.57,827.81,25.30
2025-11-22 18:05:00,827.81,828.60,827.80,828.53,49.90
2025-11-22 18:06:00,828.50,828.60,828.20,828.51,55.12
2025-11-22 18:07:00,828.51,828.51,828.01,828.40,57.36
2025-11-22 18:08:00,828.40,828.69,828.10,828.68,23.14
2025-11-22 18:09:00,828.69,830.40,828.60,830.27,254.11
2025-11-22 18:10:00,830.35,830.84,829.77,830.20,111.60
2025-11-22 18:11:00,830.20,830.48,830.10,830.30,169.09
2025-11-22 18:12:00,830.30,830.30,829.40,829.41,84.32
2025-11-22 18:13:00,829.41,829.80,829.22,829.80,87.13
2025-11-22 18:14:00,829.80,830.00,829.76,829.80,49.08
2025-11-22 18:15:00,829.81,829.87,829.70,829.87,31.29
2025-11-22 18:16:00,829.87,829.87,829.13,829.34,31.40
2025-11-22 18:17:00,829.35,829.69,829.20,829.21,21.18
2025-11-22 18:18:00,829.21,829.70,829.21,829.39,22.34
2025-11-22 18:19:00,829.38,829.84,829.20,829.84,34.56
2025-11-22 18:20:00,829.83,830.11,829.68,829.73,57.08
2025-11-22 18:21:00,829.72,829.73,829.04,829.47,210.32
2025-11-22 18:22:00,829.47,830.00,829.47,830.00,254.16
2025-11-22 18:23:00,829.99,830.00,829.55,829.56,54.52
2025-11-22 18:24:00,829.55,829.92,829.40,829.90,32.19
2025-11-22 18:25:00,829.89,830.10,829.70,829.71,61.12
2025-11-22 18:26:00,829.70,830.00,829.48,829.99,56.15
2025-11-22 18:27:00,830.00,830.00,829.25,829.25,63.57
2025-11-22 18:28:00,829.25,829.50,829.20,829.50,31.44
2025-11-22 18:29:00,829.50,829.89,829.50,829.82,30.54
2025-11-22 18:30:00,829.81,830.07,829.64,830.06,39.17
2025-11-22 18:31:00,830.06,830.06,828.48,828.51,50.50
2025-11-22 18:32:00,828.51,828.99,828.30,828.99,28.20
2025-11-22 18:33:00,828.99,829.28,828.99,829.06,26.30
2025-11-22 18:34:00,829.05,829.05,827.82,827.95,57.99
2025-11-22 18:35:00,827.95,828.12,827.81,827.81,18.25
2025-11-22 18:36:00,827.81,828.04,827.71,827.73,31.60
2025-11-22 18:37:00,827.73,827.99,827.10,827.76,92.83
2025-11-22 18:38:00,827.72,828.44,827.61,828.25,18.19
2025-11-22 18:39:00,828.25,828.32,828.08,828.30,17.83
2025-11-22 18:40:00,828.31,829.19,828.31,828.94,36.72
2025-11-22 18:41:00,828.95,829.72,828.95,829.72,11.18
2025-11-22 18:42:00,829.72,829.90,829.31,829.50,38.72
2025-11-22 18:43:00,829.50,829.64,829.43,829.63,16.50
2025-11-22 18:44:00,829.64,829.64,829.53,829.55,26.94
2025-11-22 18:45:00,829.55,829.90,829.55,829.56,19.92
2025-11-22 18:46:00,829.55,830.07,829.25,830.07,72.97
2025-11-22 18:47:00,830.08,830.47,829.97,830.30,58.47
2025-11-22 18:48:00,830.29,830.69,830.18,830.60,188.79
2025-11-22 18:49:00,830.60,832.80,830.53,832.76,676.24
2025-11-22 18:50:00,832.76,833.99,832.51,832.70,535.87
2025-11-22 18:51:00,832.70,832.70,832.05,832.05,27.99
2025-11-22 18:52:00,832.05,832.41,831.80,832.16,68.62
2025-11-22 18:53:00,832.16,832.88,832.16,832.61,87.52
2025-11-22 18:54:00,832.61,832.69,832.31,832.33,49.68
2025-11-22 18:55:00,832.33,832.40,831.85,832.14,149.47
2025-11-22 18:56:00,832.14,832.15,831.83,832.03,21.47
2025-11-22 18:57:00,832.04,832.65,832.04,832.30,26.70
2025-11-22 18:58:00,832.30,832.67,832.21,832.66,27.16
2025-11-22 18:59:00,832.66,832.80,832.65,832.71,37.97
2025-11-22 19:00:00,832.71,833.40,832.41,832.77,133.24
2025-11-22 19:01:00,832.77,833.00,832.21,833.00,56.60
2025-11-22 19:02:00,832.99,832.99,832.10,832.10,28.65
2025-11-22 19:03:00,832.08,832.65,832.08,832.56,49.75
2025-11-22 19:04:00,832.56,832.56,831.50,831.88,39.23
2025-11-22 19:05:00,831.90,831.90,831.50,831.57,20.81
2025-11-22 19:06:00,831.57,832.00,831.54,831.99,29.10
2025-11-22 19:07:00,831.99,832.70,831.99,832.70,58.16
2025-11-22 19:08:00,832.70,833.91,832.70,833.31,102.54
2025-11-22 19:09:00,833.31,833.79,833.31,833.36,85.22
2025-11-22 19:10:00,833.35,833.35,833.03,833.03,24.85
2025-11-22 19:11:00,832.98,832.98,832.20,832.45,45.62
2025-11-22 19:12:00,832.45,832.59,832.35,832.36,18.40
2025-11-22 19:13:00,832.36,832.36,831.90,832.10,23.34
2025-11-22 19:14:00,832.10,832.50,832.10,832.47,14.15
2025-11-22 19:15:00,832.47,832.80,832.45,832.79,42.35
2025-11-22 19:16:00,832.79,833.00,832.30,832.30,45.09
2025-11-22 19:17:00,832.31,832.92,832.31,832.77,21.37
2025-11-22 19:18:00,832.77,833.13,832.77,833.09,25.38
2025-11-22 19:19:00,833.09,833.30,832.99,833.10,45.07
2025-11-22 19:20:00,833.11,833.11,832.23,832.23,43.17
2025-11-22 19:21:00,832.21,832.21,831.40,831.83,42.92
2025-11-22 19:22:00,831.84,832.00,831.72,832.00,56.92
2025-11-22 19:23:00,832.00,832.41,831.93,832.37,72.82
2025-11-22 19:24:00,832.36,832.36,831.90,831.90,22.49
2025-11-22 19:25:00,831.90,832.20,831.90,832.20,15.69
2025-11-22 19:26:00,832.19,832.32,831.83,832.32,47.63
2025-11-22 19:27:00,832.31,832.37,831.82,831.82,21.29
2025-11-22 19:28:00,831.82,832.19,831.50,832.17,62.87
2025-11-22 19:29:00,832.17,832.30,832.01,832.30,16.32
2025-11-22 19:30:00,832.30,832.50,832.10,832.10,43.75
2025-11-22 19:31:00,832.10,832.79,832.10,832.79,40.30
2025-11-22 19:32:00,832.80,832.96,832.77,832.77,15.74
2025-11-22 19:33:00,832.76,832.76,832.44,832.63,30.42
2025-11-22 19:34:00,832.64,833.26,832.64,832.78,71.65
2025-11-22 19:35:00,832.78,832.98,832.78,832.87,31.13
2025-11-22 19:36:00,832.86,832.86,832.52,832.71,22.05
2025-11-22 19:37:00,832.70,832.71,831.92,832.18,25.38
2025-11-22 19:38:00,832.19,833.09,832.19,832.71,72.50
2025-11-22 19:39:00,832.71,832.72,832.10,832.51,131.34
2025-11-22 19:40:00,832.50,832.51,832.24,832.31,18.40
2025-11-22 19:41:00,832.30,832.46,831.46,831.49,108.34
2025-11-22 19:42:00,831.47,831.47,831.17,831.29,98.46
2025-11-22 19:43:00,831.29,831.70,831.29,831.70,45.33
2025-11-22 19:44:00,831.70,831.91,831.66,831.82,49.42
2025-11-22 19:45:00,831.82,831.82,831.50,831.78,50.50
2025-11-22 19:46:00,831.77,832.20,831.26,831.82,68.31
2025-11-22 19:47:00,831.82,832.09,831.70,832.09,61.38
2025-11-22 19:48:00,832.09,832.40,832.03,832.03,15.32
2025-11-22 19:49:00,832.04,832.52,831.90,832.52,20.72
2025-11-22 19:50:00,832.55,833.20,832.55,833.02,213.95
2025-11-22 19:51:00,833.02,833.02,832.80,832.99,25.81
2025-11-22 19:52:00,832.99,833.40,832.99,833.40,14.00
2025-11-22 19:53:00,833.39,834.18,833.39,833.90,67.39
2025-11-22 19:54:00,833.90,833.90,833.33,833.59,65.97
2025-11-22 19:55:00,833.60,833.60,833.17,833.41,20.43
2025-11-22 19:56:00,833.42,833.84,833.41,833.80,68.28
2025-11-22 19:57:00,833.80,833.80,833.40,833.44,52.22
2025-11-22 19:58:00,833.44,833.60,833.42,833.47,22.96
2025-11-22 19:59:00,833.48,833.54,832.90,832.91,34.08
2025-11-22 20:00:00,832.91,832.91,832.50,832.52,60.93
2025-11-22 20:01:00,832.52,832.80,832.20,832.72,24.12
2025-11-22 20:02:00,832.72,833.60,832.72,833.21,61.92
2025-11-22 20:03:00,833.21,834.10,833.21,833.86,30.95
2025-11-22 20:04:00,833.85,834.34,833.64,834.18,82.50
2025-11-22 20:05:00,834.16,834.16,833.30,833.30,39.84
2025-11-22 20:06:00,833.30,833.55,833.00,833.27,35.48
2025-11-22 20:07:00,833.28,833.29,831.58,831.58,33.64
2025-11-22 20:08:00,831.59,831.80,831.23,831.52,64.08
2025-11-22 20:09:00,831.52,831.79,831.39,831.56,34.98
2025-11-22 20:10:00,831.56,831.91,831.56,831.91,22.92
2025-11-22 20:11:00,831.91,832.80,831.90,832.43,78.40
2025-11-22 20:12:00,832.43,832.72,832.43,832.71,7.79
2025-11-22 20:13:00,832.71,833.30,832.69,833.29,24.75
2025-11-22 20:14:00,833.30,833.50,833.29,833.35,22.89
2025-11-22 20:15:00,833.34,833.34,832.89,832.91,43.28
2025-11-22 20:16:00,832.91,833.76,832.80,833.21,28.87
2025-11-22 20:17:00,833.20,833.21,832.61,832.61,31.21
2025-11-22 20:18:00,832.60,832.60,831.91,831.97,56.19
2025-11-22 20:19:00,831.98,832.04,831.80,831.91,18.72
2025-11-22 20:20:00,831.91,831.93,831.42,831.59,47.08
2025-11-22 20:21:00,831.58,831.86,831.47,831.86,28.06
2025-11-22 20:22:00,831.86,832.50,831.62,832.50,14.63
2025-11-22 20:23:00,832.50,833.05,831.91,831.94,34.07
2025-11-22 20:24:00,831.94,832.24,831.94,832.23,42.43
2025-11-22 20:25:00,832.23,832.24,832.01,832.20,10.40
2025-11-22 20:26:00,832.20,832.48,832.20,832.48,7.83
2025-11-22 20:27:00,832.48,832.50,832.00,832.23,28.95
2025-11-22 20:28:00,832.24,832.60,832.23,832.59,10.57
2025-11-22 20:29:00,832.60,832.68,832.49,832.59,13.96
2025-11-22 20:30:00,832.58,832.59,831.91,831.91,100.83
2025-11-22 20:31:00,831.90,831.90,830.87,830.87,71.50
2025-11-22 20:32:00,830.87,831.49,830.72,830.73,51.07
2025-11-22 20:33:00,830.73,831.09,830.60,830.78,25.53
2025-11-22 20:34:00,830.78,830.78,830.30,830.61,31.31
2025-11-22 20:35:00,830.61,830.61,830.10,830.30,9.12
2025-11-22 20:36:00,830.30,830.60,829.40,829.40,67.53
2025-11-22 20:37:00,829.41,829.59,828.93,828.96,101.92
2025-11-22 20:38:00,828.97,829.86,828.97,829.85,35.00
2025-11-22 20:39:00,829.86,830.02,829.85,829.99,10.56
2025-11-22 20:40:00,830.00,830.00,829.40,829.41,13.47
2025-11-22 20:41:00,829.41,829.43,829.12,829.32,30.88
2025-11-22 20:42:00,829.31,829.32,828.93,828.96,22.06
2025-11-22 20:43:00,828.97,829.30,828.90,828.90,24.82
2025-11-22 20:44:00,828.90,828.90,827.91,828.29,177.34
2025-11-22 20:45:00,828.29,829.00,828.29,828.60,98.43
2025-11-22 20:46:00,828.60,829.16,828.50,828.55,30.92
2025-11-22 20:47:00,828.54,828.90,828.30,828.74,30.46
2025-11-22 20:48:00,828.74,828.74,828.40,828.40,9.02
2025-11-22 20:49:00,828.40,828.40,827.33,827.33,91.56
2025-11-22 20:50:00,827.33,827.90,827.33,827.75,38.19
2025-11-22 20:51:00,827.76,827.77,827.40,827.69,28.44
2025-11-22 20:52:00,827.68,827.85,827.47,827.48,23.40
2025-11-22 20:53:00,827.48,827.48,826.05,826.05,82.30
2025-11-22 20:54:00,826.06,826.59,825.92,826.54,79.41
2025-11-22 20:55:00,826.53,826.60,826.30,826.47,30.00
2025-11-22 20:56:00,826.47,826.97,826.36,826.88,25.04
2025-11-22 20:57:00,826.87,827.05,826.60,827.05,44.76
2025-11-22 20:58:00,827.08,828.01,827.08,827.45,119.80
2025-11-22 20:59:00,827.45,827.84,827.45,827.82,42.37
2025-11-22 21:00:00,827.83,827.90,827.50,827.80,18.44
2025-11-22 21:01:00,827.80,827.90,827.44,827.80,42.04
2025-11-22 21:02:00,827.81,827.88,827.52,827.71,17.92
2025-11-22 21:03:00,827.72,828.42,827.72,828.16,46.98
2025-11-22 21:04:00,828.17,828.58,828.17,828.58,17.12
2025-11-22 21:05:00,828.58,829.20,828.55,829.20,17.39
2025-11-22 21:06:00,829.20,829.41,829.10,829.18,88.76
2025-11-22 21:07:00,829.19,829.21,828.80,828.81,18.04
2025-11-22 21:08:00,828.81,828.96,828.78,828.86,13.40
2025-11-22 21:09:00,828.87,829.50,828.41,828.41,28.86
2025-11-22 21:10:00,828.40,828.55,828.15,828.35,24.20
2025-11-22 21:11:00,828.36,828.36,827.15,827.32,37.21
2025-11-22 21:12:00,827.31,827.72,827.00,827.67,45.10
2025-11-22 21:13:00,827.64,827.85,827.63,827.84,11.74
2025-11-22 21:14:00,827.85,827.85,827.69,827.77,15.89
2025-11-22 21:15:00,827.77,828.10,827.76,827.92,17.50
2025-11-22 21:16:00,827.92,828.93,827.73,828.93,102.45
2025-11-22 21:17:00,828.93,828.95,828.40,828.40,27.95
2025-11-22 21:18:00,828.40,829.00,828.33,828.61,38.01
2025-11-22 21:19:00,828.60,828.61,828.27,828.37,22.43
2025-11-22 21:20:00,828.36,828.59,828.28,828.44,20.45
2025-11-22 21:21:00,828.43,828.51,828.27,828.50,29.28
2025-11-22 21:22:00,828.50,828.80,828.10,828.40,34.61
2025-11-22 21:23:00,828.40,828.41,827.70,827.90,30.00
2025-11-22 21:24:00,827.90,828.40,827.90,828.40,11.62
2025-11-22 21:25:00,828.40,828.41,828.12,828.16,15.49
2025-11-22 21:26:00,828.17,828.59,827.90,828.59,38.97
2025-11-22 21:27:00,828.60,828.94,828.50,828.80,20.53
2025-11-22 21:28:00,828.81,828.81,828.56,828.56,35.54
2025-11-22 21:29:00,828.56,828.63,828.40,828.49,9.06
2025-11-22 21:30:00,828.50,828.81,828.41,828.80,39.45
2025-11-22 21:31:00,828.80,828.90,828.41,828.81,19.11
2025-11-22 21:32:00,828.81,828.81,827.99,828.15,17.02
2025-11-22 21:33:00,828.15,830.24,828.15,829.09,376.20
2025-11-22 21:34:00,829.09,829.09,828.87,829.00,18.31
2025-11-22 21:35:00,828.99,828.99,827.92,828.06,40.04
2025-11-22 21:36:00,828.06,828.06,827.50,827.79,17.90
2025-11-22 21:37:00,827.80,828.15,827.69,828.04,17.81
2025-11-22 21:38:00,828.04,828.04,827.65,827.68,13.01
2025-11-22 21:39:00,827.68,828.20,827.68,827.90,33.85
2025-11-22 21:40:00,827.91,828.30,827.90,828.29,32.64
2025-11-22 21:41:00,828.30,828.74,828.30,828.69,13.99
2025-11-22 21:42:00,828.69,829.40,828.69,829.39,97.00
2025-11-22 21:43:00,829.39,829.39,828.81,828.96,17.65
2025-11-22 21:44:00,828.95,829.19,828.87,829.19,6.02
2025-11-22 21:45:00,829.20,829.30,829.00,829.30,35.90
2025-11-22 21:46:00,829.29,829.80,828.98,828.99,30.17
2025-11-22 21:47:00,828.98,829.60,828.94,829.43,30.92
2025-11-22 21:48:00,829.43,830.10,829.43,829.88,47.23
2025-11-22 21:49:00,829.87,829.87,829.26,829.26,19.50
2025-11-22 21:50:00,829.24,829.24,828.40,828.56,25.13
2025-11-22 21:51:00,828.57,829.65,828.56,829.54,21.75
2025-11-22 21:52:00,829.53,829.80,829.40,829.76,37.75
2025-11-22 21:53:00,829.76,829.77,829.10,829.26,32.10
2025-11-22 21:54:00,829.26,829.79,829.26,829.79,17.04
2025-11-22 21:55:00,829.80,829.90,829.72,829.86,18.24
2025-11-22 21:56:00,829.86,829.86,829.50,829.55,13.91
2025-11-22 21:57:00,829.55,829.70,829.50,829.53,15.73
2025-11-22 21:58:00,829.54,829.90,829.54,829.87,10.38
2025-11-22 21:59:00,829.87,829.98,829.83,829.89,21.10
2025-11-22 22:00:00,829.89,830.00,829.83,829.99,15.04
2025-11-22 22:01:00,830.00,830.00,829.50,829.54,29.93
2025-11-22 22:02:00,829.54,829.70,829.50,829.65,14.06
2025-11-22 22:03:00,829.64,829.64,828.90,828.91,42.30
2025-11-22 22:04:00,828.91,828.91,828.60,828.61,28.96
2025-11-22 22:05:00,828.61,828.61,828.10,828.11,12.67
2025-11-22 22:06:00,828.11,828.11,827.98,827.99,17.76
2025-11-22 22:07:00,827.99,828.39,827.90,828.38,42.07
2025-11-22 22:08:00,828.38,828.48,827.85,827.85,19.46
2025-11-22 22:09:00,827.84,828.29,827.80,828.29,24.79
2025-11-22 22:10:00,828.29,828.60,828.29,828.59,44.39
2025-11-22 22:11:00,828.59,829.46,828.59,829.44,16.82
2025-11-22 22:12:00,829.43,830.26,829.40,830.26,36.71
2025-11-22 22:13:00,830.26,831.00,830.26,830.87,95.83
2025-11-22 22:14:00,830.87,831.92,830.61,831.91,87.79
2025-11-22 22:15:00,831.91,833.98,831.54,833.77,497.97
2025-11-22 22:16:00,833.76,833.76,831.32,831.46,92.46
2025-11-22 22:17:00,831.47,831.62,831.21,831.60,82.31
2025-11-22 22:18:00,831.59,831.60,831.23,831.23,55.51
2025-11-22 22:19:00,831.24,831.24,830.99,830.99,125.96
2025-11-22 22:20:00,830.97,831.08,830.80,830.81,75.57
2025-11-22 22:21:00,830.81,831.10,830.80,831.10,63.56
2025-11-22 22:22:00,831.09,832.10,831.09,831.92,86.16
2025-11-22 22:23:00,831.90,832.50,831.80,832.22,40.52
2025-11-22 22:24:00,832.21,833.00,832.11,832.90,53.94
2025-11-22 22:25:00,832.89,832.89,831.63,831.99,232.87
2025-11-22 22:26:00,831.99,831.99,831.30,831.31,39.56
2025-11-22 22:27:00,831.30,831.60,831.26,831.55,61.78
2025-11-22 22:28:00,831.54,831.54,830.80,830.80,62.58
2025-11-22 22:29:00,830.80,831.60,830.80,831.33,50.76
2025-11-22 22:30:00,831.32,831.66,830.81,831.56,71.50
2025-11-22 22:31:00,831.56,831.84,831.42,831.42,33.74
2025-11-22 22:32:00,831.41,831.96,831.41,831.96,41.18
2025-11-22 22:33:00,831.95,832.10,831.78,831.79,59.16
2025-11-22 22:34:00,831.79,832.12,831.61,832.11,50.90
2025-11-22 22:35:00,832.11,832.12,831.96,831.96,14.67
2025-11-22 22:36:00,831.97,832.63,831.96,832.49,57.40
2025-11-22 22:37:00,832.48,833.20,832.34,833.19,70.76
2025-11-22 22:38:00,833.20,833.41,832.90,832.90,36.72
2025-11-22 22:39:00,832.90,832.90,832.64,832.74,52.99
2025-11-22 22:40:00,832.62,832.62,832.30,832.30,70.01
2025-11-22 22:41:00,832.30,832.92,832.30,832.91,31.19
2025-11-22 22:42:00,832.86,833.29,832.83,833.28,15.35
2025-11-22 22:43:00,833.28,833.68,833.24,833.24,53.97
2025-11-22 22:44:00,833.24,833.24,833.00,833.20,47.87
2025-11-22 22:45:00,833.19,834.02,833.19,834.01,34.03
2025-11-22 22:46:00,834.01,834.34,833.45,833.93,128.72
2025-11-22 22:47:00,833.94,834.39,833.64,834.39,63.44
2025-11-22 22:48:00,834.39,834.39,834.13,834.26,31.63
2025-11-22 22:49:00,834.27,834.27,833.52,833.80,47.07
2025-11-22 22:50:00,833.80,834.29,833.66,834.16,96.43
2025-11-22 22:51:00,834.17,835.37,834.14,835.37,165.16
2025-11-22 22:52:00,835.37,837.26,835.37,836.73,457.55
2025-11-22 22:53:00,836.73,841.86,836.72,840.14,2100.80
2025-11-22 22:54:00,841.29,841.58,840.03,840.61,1160.47
2025-11-22 22:55:00,840.61,841.45,838.59,839.17,225.22
2025-11-22 22:56:00,839.18,839.70,838.59,838.81,145.37
2025-11-22 22:57:00,838.81,840.01,838.67,839.00,215.60
2025-11-22 22:58:00,838.99,839.28,838.30,838.95,83.81
2025-11-22 22:59:00,838.95,839.16,837.74,837.74,152.59
2025-11-22 23:00:00,837.74,838.10,837.15,837.33,92.86
2025-11-22 23:01:00,837.33,837.33,836.27,837.19,129.99
2025-11-22 23:02:00,837.19,838.47,836.89,838.06,132.14
2025-11-22 23:03:00,838.06,839.65,838.05,838.39,186.83
2025-11-22 23:04:00,838.39,839.37,838.26,838.75,372.19
2025-11-22 23:05:00,838.76,838.76,837.70,837.70,96.05
2025-11-22 23:06:00,837.70,837.70,836.60,837.16,101.03
2025-11-22 23:07:00,837.16,837.16,836.60,836.69,53.14
2025-11-22 23:08:00,836.70,836.92,835.99,835.99,120.83
2025-11-22 23:09:00,835.99,836.01,835.58,835.66,156.92
2025-11-22 23:10:00,835.65,835.65,835.00,835.12,212.28
2025-11-22 23:11:00,835.12,835.36,834.90,834.91,46.49
2025-11-22 23:12:00,834.90,835.00,834.70,834.71,33.08
2025-11-22 23:13:00,834.71,834.95,834.67,834.95,39.44
2025-11-22 23:14:00,834.95,836.32,834.95,836.24,100.91
2025-11-22 23:15:00,836.25,836.50,835.59,835.59,57.35
2025-11-22 23:16:00,835.58,835.58,833.93,834.04,100.04
2025-11-22 23:17:00,834.05,834.73,834.05,834.33,41.72
2025-11-22 23:18:00,834.32,834.46,833.37,834.26,40.63
2025-11-22 23:19:00,834.25,834.25,833.84,833.84,41.82
2025-11-22 23:20:00,833.85,833.85,833.10,833.39,31.91
2025-11-22 23:21:00,833.39,833.89,833.20,833.80,37.23
2025-11-22 23:22:00,833.80,834.10,833.69,834.10,31.58
2025-11-22 23:23:00,834.10,836.02,833.98,835.03,461.68
2025-11-22 23:24:00,835.02,835.20,834.72,835.20,81.60
2025-11-22 23:25:00,835.19,835.70,835.19,835.43,71.19
2025-11-22 23:26:00,835.44,835.44,834.51,834.76,77.90
2025-11-22 23:27:00,834.79,834.84,834.68,834.74,11.63
2025-11-22 23:28:00,834.74,835.40,834.74,835.39,27.66
2025-11-22 23:29:00,835.38,835.39,834.76,835.16,32.38
2025-11-22 23:30:00,835.17,835.30,834.75,834.93,62.84
2025-11-22 23:31:00,834.92,834.92,834.00,834.60,35.31
2025-11-22 23:32:00,834.60,835.50,834.36,835.48,31.48
2025-11-22 23:33:00,835.46,836.16,835.11,836.08,35.23
2025-11-22 23:34:00,836.08,836.59,835.94,836.04,39.05
2025-11-22 23:35:00,836.04,836.28,835.71,836.09,68.84
2025-11-22 23:36:00,836.09,836.40,836.00,836.11,33.02
2025-11-22 23:37:00,836.11,836.20,836.00,836.00,36.31
2025-11-22 23:38:00,836.00,836.50,835.71,836.50,20.16
2025-11-22 23:39:00,836.50,836.80,836.42,836.73,20.20
2025-11-22 23:40:00,836.73,837.00,836.73,836.99,27.91
2025-11-22 23:41:00,836.99,836.99,836.60,836.61,139.38
2025-11-22 23:42:00,836.60,836.61,834.62,834.62,115.32
2025-11-22 23:43:00,834.60,834.60,834.03,834.60,82.43
2025-11-22 23:44:00,834.59,834.75,834.42,834.72,14.61
2025-11-22 23:45:00,834.72,835.00,834.55,834.77,16.79
2025-11-22 23:46:00,834.76,835.00,834.40,834.54,66.80
2025-11-22 23:47:00,834.52,835.28,834.52,835.28,27.40
2025-11-22 23:48:00,835.29,835.29,834.20,834.20,186.97
2025-11-22 23:49:00,834.21,834.21,833.53,833.53,71.22
2025-11-22 23:50:00,833.52,833.80,833.01,833.79,76.32
2025-11-22 23:51:00,833.80,834.20,833.79,833.92,33.41
2025-11-22 23:52:00,833.91,833.91,833.55,833.63,21.70
2025-11-22 23:53:00,833.63,834.00,833.63,834.00,12.95
2025-11-22 23:54:00,833.99,834.26,833.81,833.82,47.09
2025-11-22 23:55:00,833.82,834.00,833.63,833.88,78.08
2025-11-22 23:56:00,833.88,833.88,833.48,833.61,31.13
2025-11-22 23:57:00,833.61,833.65,833.37,833.38,65.05
2025-11-22 23:58:00,833.39,833.83,833.39,833.77,85.73
2025-11-22 23:59:00,833.77,834.00,833.76,833.78,52.98
2025-11-23 00:00:00,833.78,833.78,833.28,833.47,140.24
2025-11-23 00:01:00,833.47,834.80,833.36,834.80,87.29
2025-11-23 00:02:00,834.80,834.99,834.57,834.99,42.62
2025-11-23 00:03:00,834.99,835.82,834.99,835.52,69.10
2025-11-23 00:04:00,835.51,835.51,835.13,835.24,25.38
2025-11-23 00:05:00,835.23,835.70,834.91,835.51,38.04
2025-11-23 00:06:00,835.51,835.71,834.97,835.33,72.64
2025-11-23 00:07:00,835.33,835.40,834.56,835.32,48.14
2025-11-23 00:08:00,835.35,835.56,835.30,835.31,29.72
2025-11-23 00:09:00,835.31,835.82,835.20,835.80,48.35
2025-11-23 00:10:00,835.80,836.05,835.76,835.91,39.56
2025-11-23 00:11:00,835.91,836.10,835.71,836.10,101.02
2025-11-23 00:12:00,836.10,836.30,835.98,836.20,44.28
2025-11-23 00:13:00,836.23,836.23,835.21,835.83,58.65
2025-11-23 00:14:00,835.82,836.40,835.80,836.07,101.09
2025-11-23 00:15:00,836.07,836.10,835.70,835.80,60.63
2025-11-23 00:16:00,835.80,837.09,835.76,837.09,50.27
2025-11-23 00:17:00,837.09,838.15,837.09,837.62,47.82
2025-11-23 00:18:00,837.62,837.89,837.40,837.66,112.18
2025-11-23 00:19:00,837.67,837.77,836.96,837.68,49.64
2025-11-23 00:20:00,837.67,838.51,836.70,836.71,748.29
2025-11-23 00:21:00,836.71,837.95,836.71,837.95,75.80
2025-11-23 00:22:00,837.95,839.22,837.95,839.07,171.91
2025-11-23 00:23:00,839.07,839.22,838.93,839.19,95.54
2025-11-23 00:24:00,839.19,839.36,838.74,839.36,41.13
2025-11-23 00:25:00,839.35,839.76,839.03,839.69,60.48
2025-11-23 00:26:00,839.68,839.68,838.37,838.57,116.16
2025-11-23 00:27:00,838.56,838.99,838.33,838.70,107.78
2025-11-23 00:28:00,838.69,838.90,838.18,838.18,150.19
2025-11-23 00:29:00,838.18,838.18,836.08,836.76,494.81
2025-11-23 00:30:00,836.76,837.26,836.74,836.84,118.97
2025-11-23 00:31:00,836.83,836.83,835.18,835.75,100.85
2025-11-23 00:32:00,835.73,835.76,834.78,834.88,49.92
2025-11-23 00:33:00,834.91,836.04,834.91,835.85,39.56
2025-11-23 00:34:00,835.84,836.46,835.71,836.10,210.72
2025-11-23 00:35:00,836.11,836.31,835.50,835.60,590.11
2025-11-23 00:36:00,835.59,835.60,834.30,834.80,133.66
2025-11-23 00:37:00,834.76,835.09,834.29,834.85,30.98
2025-11-23 00:38:00,834.80,834.80,833.71,833.80,195.55
2025-11-23 00:39:00,833.81,834.10,833.79,834.09,64.36
2025-11-23 00:40:00,834.09,834.10,833.69,833.71,30.69
2025-11-23 00:41:00,833.71,833.87,833.28,833.69,38.16
2025-11-23 00:42:00,833.68,834.27,833.37,833.98,193.88
2025-11-23 00:43:00,833.97,835.00,833.92,834.99,38.28
2025-11-23 00:44:00,834.99,834.99,834.11,834.30,36.98
2025-11-23 00:45:00,834.29,834.60,833.71,833.89,134.98
2025-11-23 00:46:00,833.89,834.20,833.41,834.11,47.91
2025-11-23 00:47:00,834.11,834.12,833.43,833.59,158.65
2025-11-23 00:48:00,833.58,833.95,833.30,833.95,24.14
2025-11-23 00:49:00,833.96,834.40,833.96,834.40,16.92
2025-11-23 00:50:00,834.40,834.60,834.21,834.59,36.19
2025-11-23 00:51:00,834.60,836.20,834.59,836.18,205.78
2025-11-23 00:52:00,836.17,836.29,835.51,835.80,36.58
2025-11-23 00:53:00,835.80,835.80,834.90,834.92,23.48
2025-11-23 00:54:00,834.94,835.44,834.90,835.43,73.28
2025-11-23 00:55:00,835.43,835.43,834.50,834.80,167.68
2025-11-23 00:56:00,834.81,834.97,834.60,834.60,55.77
2025-11-23 00:57:00,834.59,835.37,834.59,835.37,69.22
2025-11-23 00:58:00,835.36,835.66,835.35,835.46,175.29
2025-11-23 00:59:00,835.46,835.92,834.89,835.77,453.04
2025-11-23 01:00:00,835.77,836.18,835.77,836.00,71.13
2025-11-23 01:01:00,835.99,836.08,835.00,835.00,92.90
2025-11-23 01:02:00,835.01,836.00,835.01,836.00,24.57
2025-11-23 01:03:00,836.00,836.90,836.00,836.80,103.62
2025-11-23 01:04:00,836.80,837.32,836.77,837.32,38.13
2025-11-23 01:05:00,837.32,837.33,837.11,837.20,11.16
2025-11-23 01:06:00,837.20,837.25,836.85,837.18,22.72
2025-11-23 01:07:00,837.18,837.80,837.12,837.51,221.90
2025-11-23 01:08:00,837.51,837.59,837.33,837.58,30.42
2025-11-23 01:09:00,837.58,838.29,837.57,838.29,36.79
2025-11-23 01:10:00,838.29,838.80,837.62,837.84,169.20
2025-11-23 01:11:00,837.83,838.06,837.61,837.94,116.43
2025-11-23 01:12:00,837.95,838.68,837.95,838.40,100.51
2025-11-23 01:13:00,838.40,838.40,838.00,838.04,27.97
2025-11-23 01:14:00,838.04,838.48,838.03,838.29,89.56
2025-11-23 01:15:00,838.29,838.57,837.67,838.56,67.44
2025-11-23 01:16:00,838.56,839.24,838.10,839.16,222.18
2025-11-23 01:17:00,839.16,839.63,838.70,839.48,463.07
2025-11-23 01:18:00,839.45,840.28,839.35,839.80,191.28
2025-11-23 01:19:00,839.81,840.62,839.02,839.12,143.52
2025-11-23 01:20:00,839.12,839.44,838.11,838.24,341.55
2025-11-23 01:21:00,838.26,839.13,838.26,839.12,122.16
2025-11-23 01:22:00,839.12,839.40,838.31,838.31,90.78
2025-11-23 01:23:00,838.30,838.30,836.85,836.96,369.84
2025-11-23 01:24:00,836.96,837.55,836.96,837.45,132.82
2025-11-23 01:25:00,837.49,838.66,837.29,838.31,48.40
2025-11-23 01:26:00,838.31,838.31,837.80,837.94,83.14
2025-11-23 01:27:00,837.94,838.32,837.94,838.32,43.03
2025-11-23 01:28:00,838.33,838.90,838.33,838.81,58.87
2025-11-23 01:29:00,838.81,839.11,838.81,838.94,22.69
2025-11-23 01:30:00,838.95,839.23,838.23,839.23,122.40
2025-11-23 01:31:00,839.24,839.36,838.59,838.87,136.88
2025-11-23 01:32:00,838.87,839.70,838.60,839.48,153.25
2025-11-23 01:33:00,839.48,840.20,839.46,840.20,149.98
2025-11-23 01:34:00,840.19,840.39,839.66,839.92,215.10
2025-11-23 01:35:00,839.95,840.40,839.71,840.29,47.38
2025-11-23 01:36:00,840.29,840.29,839.63,840.09,42.41
2025-11-23 01:37:00,840.09,841.00,840.08,840.54,622.10
2025-11-23 01:38:00,840.54,842.00,840.54,841.55,1182.90
2025-11-23 01:39:00,841.56,842.00,841.40,841.91,239.84
2025-11-23 01:40:00,841.90,842.63,841.33,841.59,339.86
2025-11-23 01:41:00,841.49,842.45,841.22,842.30,138.12
2025-11-23 01:42:00,842.29,842.40,841.97,842.27,91.30
2025-11-23 01:43:00,842.27,842.77,842.10,842.62,139.38
2025-11-23 01:44:00,842.62,842.72,842.27,842.36,113.22
2025-11-23 01:45:00,842.35,842.98,840.79,841.61,213.19
2025-11-23 01:46:00,841.62,841.70,840.73,840.74,107.53
2025-11-23 01:47:00,840.74,841.24,840.37,840.58,66.67
2025-11-23 01:48:00,840.59,841.70,840.58,841.28,114.19
2025-11-23 01:49:00,841.27,841.44,840.98,841.43,77.47
2025-11-23 01:50:00,841.44,841.44,841.06,841.06,83.49
2025-11-23 01:51:00,841.05,841.68,840.80,841.14,79.87
2025-11-23 01:52:00,841.15,843.26,841.14,842.11,983.98
2025-11-23 01:53:00,842.10,843.68,842.10,843.20,287.21
2025-11-23 01:54:00,843.20,843.28,841.57,841.85,120.52
2025-11-23 01:55:00,841.86,842.80,841.56,842.50,87.44
2025-11-23 01:56:00,842.51,842.51,841.81,842.11,81.19
2025-11-23 01:57:00,842.11,842.31,841.60,841.63,57.35
2025-11-23 01:58:00,841.62,841.62,840.45,840.70,91.34
2025-11-23 01:59:00,840.69,841.79,840.53,841.49,187.20
2025-11-23 02:00:00,841.50,841.93,841.28,841.68,692.85
2025-11-23 02:01:00,841.67,841.67,841.12,841.62,78.82
2025-11-23 02:02:00,841.63,844.00,841.63,843.74,351.84
2025-11-23 02:03:00,843.74,843.75,843.04,843.16,85.99
2025-11-23 02:04:00,843.16,845.82,843.10,845.61,3544.87
2025-11-23 02:05:00,845.66,845.95,845.20,845.20,200.40
2025-11-23 02:06:00,845.20,847.97,845.07,845.56,2924.82
2025-11-23 02:07:00,845.56,845.69,843.40,843.75,217.87
2025-11-23 02:08:00,843.75,844.87,843.30,843.31,247.00
2025-11-23 02:09:00,843.31,843.37,843.06,843.19,83.34
2025-11-23 02:10:00,843.19,843.56,843.07,843.25,81.99
2025-11-23 02:11:00,843.24,843.60,842.77,843.55,55.26
2025-11-23 02:12:00,843.54,843.54,842.91,842.91,65.78
2025-11-23 02:13:00,842.90,842.96,842.30,842.46,76.15
2025-11-23 02:14:00,842.46,843.40,842.35,843.20,124.08
2025-11-23 02:15:00,843.20,843.40,842.93,843.19,68.98
2025-11-23 02:16:00,843.18,844.00,842.88,843.99,164.06
2025-11-23 02:17:00,844.00,844.20,843.52,844.07,124.38
2025-11-23 02:18:00,844.08,844.40,843.80,843.81,38.77
2025-11-23 02:19:00,843.81,843.97,843.01,843.01,125.45
2025-11-23 02:20:00,843.01,843.17,842.11,842.20,148.22
2025-11-23 02:21:00,842.21,842.49,842.07,842.48,87.01
2025-11-23 02:22:00,842.48,843.38,842.38,843.27,123.82
2025-11-23 02:23:00,843.26,844.76,843.21,844.41,103.59
2025-11-23 02:24:00,844.40,844.75,844.30,844.64,68.67
2025-11-23 02:25:00,844.63,844.92,844.28,844.42,137.18
2025-11-23 02:26:00,844.41,846.11,844.41,845.56,191.21
2025-11-23 02:27:00,845.57,845.69,845.02,845.08,62.63
2025-11-23 02:28:00,845.09,846.00,845.09,845.54,45.60
2025-11-23 02:29:00,845.54,845.83,845.28,845.31,106.20
2025-11-23 02:30:00,845.31,846.60,844.85,845.24,197.64
2025-11-23 02:31:00,845.24,845.76,845.04,845.22,82.56
2025-11-23 02:32:00,845.22,847.23,844.96,847.11,312.96
2025-11-23 02:33:00,847.11,847.70,847.00,847.32,199.71
2025-11-23 02:34:00,847.32,848.76,846.89,848.40,447.53
2025-11-23 02:35:00,848.40,848.40,847.06,847.23,284.23
2025-11-23 02:36:00,847.23,848.50,847.22,848.18,569.94
2025-11-23 02:37:00,848.19,850.00,848.17,849.07,1265.63
2025-11-23 02:38:00,849.08,849.61,849.08,849.43,231.86
2025-11-23 02:39:00,849.43,849.50,848.60,849.50,396.19
2025-11-23 02:40:00,849.49,849.50,849.00,849.00,104.07
2025-11-23 02:41:00,849.02,850.20,849.02,849.62,333.58
2025-11-23 02:42:00,849.61,849.61,848.50,848.50,158.96
2025-11-23 02:43:00,848.51,849.25,848.24,849.12,155.78
2025-11-23 02:44:00,849.12,849.54,848.50,848.51,135.62
2025-11-23 02:45:00,848.51,848.79,848.00,848.40,111.94
2025-11-23 02:46:00,848.40,848.59,847.31,847.88,943.49
2025-11-23 02:47:00,847.89,849.33,847.88,849.33,99.66
2025-11-23 02:48:00,849.33,849.92,848.92,849.91,120.47
2025-11-23 02:49:00,849.92,849.92,849.56,849.65,104.15
2025-11-23 02:50:00,849.65,849.66,848.62,848.71,156.53
2025-11-23 02:51:00,848.71,849.15,848.60,848.86,109.35
2025-11-23 02:52:00,848.86,849.10,848.31,848.35,86.34
2025-11-23 02:53:00,848.34,848.39,846.66,846.78,142.69
2025-11-23 02:54:00,846.78,846.87,845.38,845.98,380.92
2025-11-23 02:55:00,845.99,846.33,845.70,846.17,602.25
2025-11-23 02:56:00,846.16,846.65,845.95,846.13,121.96
2025-11-23 02:57:00,846.13,846.40,846.00,846.20,33.37
2025-11-23 02:58:00,846.19,846.77,846.12,846.31,76.26
2025-11-23 02:59:00,846.30,846.30,845.89,846.27,113.91
2025-11-23 03:00:00,846.27,846.27,844.91,844.92,281.06
2025-11-23 03:01:00,844.91,845.39,844.69,845.04,99.73
2025-11-23 03:02:00,845.05,845.19,844.66,844.66,54.60
2025-11-23 03:03:00,844.66,844.97,844.48,844.60,276.96
2025-11-23 03:04:00,844.59,844.60,843.90,844.00,94.18
2025-11-23 03:05:00,844.01,844.42,843.71,843.90,83.69
2025-11-23 03:06:00,843.90,844.10,843.71,843.96,43.38
2025-11-23 03:07:00,843.96,844.80,843.96,844.66,119.29
2025-11-23 03:08:00,844.66,845.99,844.65,845.76,325.40
2025-11-23 03:09:00,845.76,846.70,845.76,846.65,119.20
2025-11-23 03:10:00,846.65,846.80,846.40,846.51,81.25
2025-11-23 03:11:00,846.51,846.51,846.03,846.05,82.70
2025-11-23 03:12:00,846.06,846.06,844.26,844.26,129.08
2025-11-23 03:13:00,844.26,844.26,843.79,843.85,72.32
2025-11-23 03:14:00,843.85,844.13,843.80,844.13,107.03
2025-11-23 03:15:00,844.13,844.31,842.93,843.00,166.94
2025-11-23 03:16:00,843.01,844.07,842.96,843.85,60.78
2025-11-23 03:17:00,843.85,843.93,843.30,843.31,45.96
2025-11-23 03:18:00,843.30,843.49,842.77,843.16,85.50
2025-11-23 03:19:00,843.15,844.09,843.06,844.02,59.47
2025-11-23 03:20:00,844.03,844.03,842.57,842.57,35.14
2025-11-23 03:21:00,842.57,842.95,842.31,842.85,59.38
2025-11-23 03:22:00,842.86,843.30,842.86,843.10,92.18
2025-11-23 03:23:00,843.09,843.11,842.10,842.10,371.98
2025-11-23 03:24:00,842.11,842.30,841.74,842.29,119.59
2025-11-23 03:25:00,842.29,842.60,841.97,842.60,56.94
2025-11-23 03:26:00,842.60,843.29,842.60,842.92,38.00
2025-11-23 03:27:00,842.92,843.34,842.92,843.00,56.63
2025-11-23 03:28:00,843.00,843.01,842.70,842.76,83.31
2025-11-23 03:29:00,842.75,843.57,842.69,843.31,85.88
2025-11-23 03:30:00,843.31,843.76,843.20,843.25,214.19
2025-11-23 03:31:00,843.25,843.94,843.25,843.75,34.02
2025-11-23 03:32:00,843.75,844.50,843.74,844.41,56.13
2025-11-23 03:33:00,844.41,845.02,843.91,845.02,271.11
2025-11-23 03:34:00,845.03,845.33,845.01,845.18,26.19
2025-11-23 03:35:00,845.19,845.80,845.10,845.44,70.09
2025-11-23 03:36:00,845.43,845.70,845.26,845.46,29.42
2025-11-23 03:37:00,845.46,845.46,845.00,845.15,58.42
2025-11-23 03:38:00,845.15,845.15,844.20,845.00,47.09
2025-11-23 03:39:00,844.99,844.99,844.59,844.81,48.33
2025-11-23 03:40:00,844.81,845.20,844.45,845.20,149.26
2025-11-23 03:41:00,845.20,845.72,845.20,845.71,27.18
2025-11-23 03:42:00,845.72,845.73,845.10,845.29,31.86
2025-11-23 03:43:00,845.30,845.77,845.30,845.77,37.60
2025-11-23 03:44:00,845.77,845.77,845.50,845.64,31.34
2025-11-23 03:45:00,845.64,846.00,845.63,846.00,48.03
2025-11-23 03:46:00,845.99,846.00,845.60,845.81,14.52
2025-11-23 03:47:00,845.80,845.80,845.20,845.23,36.91
2025-11-23 03:48:00,845.23,845.28,845.00,845.28,38.26
2025-11-23 03:49:00,845.29,846.00,845.14,845.88,96.21
2025-11-23 03:50:00,845.88,845.91,845.50,845.87,71.71
2025-11-23 03:51:00,845.86,846.10,845.50,846.08,37.55
2025-11-23 03:52:00,846.07,846.24,846.03,846.22,24.75
2025-11-23 03:53:00,846.22,846.60,846.20,846.21,63.12
2025-11-23 03:54:00,846.21,846.34,846.00,846.30,97.61
2025-11-23 03:55:00,846.29,846.40,846.20,846.37,41.92
2025-11-23 03:56:00,846.37,846.87,845.64,845.80,738.89
2025-11-23 03:57:00,845.80,846.05,845.40,846.00,289.49
2025-11-23 03:58:00,846.00,846.63,845.99,846.56,104.74
2025-11-23 03:59:00,846.56,846.85,846.56,846.85,67.66
2025-11-23 04:00:00,846.85,847.47,846.76,846.91,142.72
2025-11-23 04:01:00,846.92,846.92,845.78,845.78,383.63
2025-11-23 04:02:00,845.77,846.70,845.75,846.66,57.93
2025-11-23 04:03:00,846.66,846.96,846.58,846.63,119.75
2025-11-23 04:04:00,846.63,847.41,846.62,847.40,63.77
2025-11-23 04:05:00,847.40,848.22,847.17,847.61,240.74
2025-11-23 04:06:00,847.61,848.09,847.41,847.74,234.55
2025-11-23 04:07:00,847.76,848.60,847.68,848.31,80.62
2025-11-23 04:08:00,848.31,849.44,848.30,849.43,164.17
2025-11-23 04:09:00,849.44,852.00,849.37,850.54,1266.49
2025-11-23 04:10:00,850.53,850.83,850.07,850.74,316.46
2025-11-23 04:11:00,850.73,850.80,850.27,850.80,91.43
2025-11-23 04:12:00,850.80,851.15,850.70,851.08,239.74
2025-11-23 04:13:00,851.07,851.07,850.73,850.81,116.27
2025-11-23 04:14:00,850.80,852.00,850.41,851.64,291.39
2025-11-23 04:15:00,851.64,851.64,850.72,851.22,157.35
2025-11-23 04:16:00,851.22,852.33,851.21,852.00,316.43
2025-11-23 04:17:00,852.00,852.83,851.98,852.83,135.77
2025-11-23 04:18:00,852.83,853.19,852.40,852.50,284.09
2025-11-23 04:19:00,852.49,853.06,852.49,852.86,120.44
2025-11-23 04:20:00,852.86,853.53,852.56,853.43,250.89
2025-11-23 04:21:00,853.43,854.23,853.24,853.73,612.74
2025-11-23 04:22:00,853.73,854.49,853.56,853.57,243.23
2025-11-23 04:23:00,853.56,853.56,852.00,852.07,391.75
2025-11-23 04:24:00,852.06,852.30,851.40,851.41,133.86
2025-11-23 04:25:00,851.40,851.92,850.60,851.85,188.47
2025-11-23 04:26:00,851.82,851.82,850.90,851.50,121.89
2025-11-23 04:27:00,851.49,851.60,850.80,851.20,122.61
2025-11-23 04:28:00,851.19,851.80,851.11,851.50,96.28
2025-11-23 04:29:00,851.61,851.61,849.27,849.52,330.54
2025-11-23 04:30:00,849.53,849.68,848.84,849.44,128.50
2025-11-23 04:31:00,849.43,850.10,848.98,849.67,313.90
2025-11-23 04:32:00,849.67,850.30,849.65,850.25,187.54
2025-11-23 04:33:00,850.26,850.32,849.98,849.99,225.86
2025-11-23 04:34:00,849.99,850.05,849.52,850.05,154.17
2025-11-23 04:35:00,850.05,851.00,850.01,850.05,317.92
2025-11-23 04:36:00,850.05,850.30,848.93,850.05,244.65
2025-11-23 04:37:00,850.06,850.19,849.53,849.97,270.68
2025-11-23 04:38:00,849.96,850.09,849.50,849.77,312.20
2025-11-23 04:39:00,849.77,849.88,848.75,849.11,214.85
2025-11-23 04:40:00,849.11,849.11,848.60,848.84,98.62
2025-11-23 04:41:00,848.84,849.00,848.60,848.67,186.26
2025-11-23 04:42:00,848.66,848.70,848.47,848.69,117.98
2025-11-23 04:43:00,848.69,849.13,848.60,848.82,88.08
2025-11-23 04:44:00,848.82,848.91,848.40,848.80,151.15
2025-11-23 04:45:00,848.80,849.59,848.80,849.45,76.56
2025-11-23 04:46:00,849.44,851.06,849.11,850.58,372.50
2025-11-23 04:47:00,850.58,850.58,849.99,850.19,114.69
2025-11-23 04:48:00,850.18,850.89,850.15,850.75,157.06
2025-11-23 04:49:00,850.76,850.76,850.30,850.61,83.98
2025-11-23 04:50:00,850.61,850.64,850.14,850.64,55.34
2025-11-23 04:51:00,850.63,851.18,850.03,850.44,184.40
2025-11-23 04:52:00,850.44,850.85,850.30,850.30,104.03
2025-11-23 04:53:00,850.30,850.30,850.00,850.21,60.96
2025-11-23 04:54:00,850.22,851.06,850.18,850.18,478.25
2025-11-23 04:55:00,850.18,850.21,849.70,849.98,133.10
2025-11-23 04:56:00,849.96,850.15,849.12,849.63,184.77
2025-11-23 04:57:00,849.63,849.64,849.21,849.39,89.63
2025-11-23 04:58:00,849.40,849.42,849.00,849.00,245.92
2025-11-23 04:59:00,849.01,849.59,848.70,848.81,334.47
2025-11-23 05:00:00,848.81,848.91,847.80,847.90,293.92
2025-11-23 05:01:00,847.91,847.91,847.08,847.50,164.12
2025-11-23 05:02:00,847.50,847.72,847.20,847.46,134.26
2025-11-23 05:03:00,847.46,847.70,847.21,847.55,169.88
2025-11-23 05:04:00,847.55,847.55,847.20,847.28,86.64
2025-11-23 05:05:00,847.28,847.28,846.28,846.28,107.63
2025-11-23 05:06:00,846.39,846.48,846.04,846.35,58.54
2025-11-23 05:07:00,846.36,848.41,846.36,848.41,223.26
2025-11-23 05:08:00,848.41,848.47,847.80,847.93,185.55
2025-11-23 05:09:00,847.94,848.00,847.00,847.02,152.74
2025-11-23 05:10:00,847.02,847.20,846.50,846.53,231.84
2025-11-23 05:11:00,846.54,846.70,846.30,846.60,68.67
2025-11-23 05:12:00,846.61,846.65,846.07,846.56,67.54
2025-11-23 05:13:00,846.57,847.00,846.48,847.00,68.26
2025-11-23 05:14:00,847.00,847.72,847.00,847.41,131.24
2025-11-23 05:15:00,847.42,847.50,847.12,847.12,36.18
2025-11-23 05:16:00,847.13,847.28,847.04,847.04,47.52
2025-11-23 05:17:00,847.04,847.04,846.50,846.56,187.53
2025-11-23 05:18:00,846.56,846.61,846.40,846.48,37.95
2025-11-23 05:19:00,846.48,847.26,846.47,847.14,167.90
2025-11-23 05:20:00,847.14,848.12,846.92,847.49,613.51
2025-11-23 05:21:00,847.50,847.59,847.46,847.49,75.85
2025-11-23 05:22:00,847.49,847.50,846.48,846.48,431.53
2025-11-23 05:23:00,846.51,846.51,845.90,846.00,75.83
2025-11-23 05:24:00,846.00,846.28,845.98,846.27,82.04
2025-11-23 05:25:00,846.27,846.28,845.77,845.81,55.40
2025-11-23 05:26:00,845.80,845.81,845.57,845.66,112.42
2025-11-23 05:27:00,845.65,845.98,845.65,845.96,48.44
2025-11-23 05:28:00,845.95,846.26,845.95,845.99,88.26
2025-11-23 05:29:00,845.99,846.18,845.99,846.18,50.19
2025-11-23 05:30:00,846.18,846.63,846.00,846.16,257.19
2025-11-23 05:31:00,846.16,846.40,846.10,846.27,47.84
2025-11-23 05:32:00,846.28,846.28,845.70,845.84,80.40
2025-11-23 05:33:00,845.84,845.97,845.84,845.92,34.28
2025-11-23 05:34:00,845.92,846.40,845.79,846.36,44.32
2025-11-23 05:35:00,846.35,846.65,846.34,846.34,52.81
2025-11-23 05:36:00,846.35,846.66,846.00,846.00,198.65
2025-11-23 05:37:00,846.36,846.36,845.75,845.97,44.43
2025-11-23 05:38:00,845.97,845.97,845.00,845.37,342.29
2025-11-23 05:39:00,845.36,845.60,845.01,845.45,333.48
2025-11-23 05:40:00,845.44,845.57,845.19,845.46,34.91
2025-11-23 05:41:00,845.46,845.48,845.40,845.40,28.48
2025-11-23 05:42:00,845.40,845.48,845.16,845.47,54.55
2025-11-23 05:43:00,845.47,845.47,845.19,845.20,18.52
2025-11-23 05:44:00,845.20,845.47,845.02,845.28,238.15
2025-11-23 05:45:00,845.28,845.56,845.28,845.56,44.47
2025-11-23 05:46:00,845.56,847.10,845.00,847.08,779.27
2025-11-23 05:47:00,847.09,847.20,846.93,847.13,161.43
2025-11-23 05:48:00,847.13,848.00,846.66,847.18,455.29
2025-11-23 05:49:00,847.18,847.65,847.17,847.65,21.38
2025-11-23 05:50:00,847.65,847.65,847.48,847.65,79.47
2025-11-23 05:51:00,847.65,847.65,846.11,846.55,281.40
2025-11-23 05:52:00,846.55,846.67,846.30,846.57,75.01
2025-11-23 05:53:00,846.57,846.58,846.20,846.55,63.68
2025-11-23 05:54:00,846.55,846.70,846.55,846.69,25.52
2025-11-23 05:55:00,846.70,846.70,846.40,846.41,49.10
2025-11-23 05:56:00,846.40,846.40,845.80,846.08,68.79
2025-11-23 05:57:00,846.09,846.60,846.09,846.49,46.57
2025-11-23 05:58:00,846.48,846.78,846.48,846.72,24.69
2025-11-23 05:59:00,846.72,846.79,846.70,846.79,50.45
2025-11-23 06:00:00,846.79,846.90,846.32,846.46,144.92
2025-11-23 06:01:00,846.46,847.54,846.31,847.34,93.38
2025-11-23 06:02:00,847.35,847.50,847.26,847.46,56.57
2025-11-23 06:03:00,847.46,847.82,847.45,847.82,17.03
2025-11-23 06:04:00,847.82,847.96,847.54,847.90,37.20
2025-11-23 06:05:00,847.90,848.43,847.90,847.97,61.37
2025-11-23 06:06:00,847.97,848.35,847.50,848.35,40.44
2025-11-23 06:07:00,848.36,848.50,848.14,848.50,43.19
2025-11-23 06:08:00,848.50,848.51,848.20,848.20,70.32
2025-11-23 06:09:00,848.20,848.21,847.72,847.88,35.31
2025-11-23 06:10:00,847.88,848.27,847.64,847.64,61.64
2025-11-23 06:11:00,847.65,847.65,847.32,847.38,75.62
2025-11-23 06:12:00,847.37,847.38,847.11,847.12,41.35
2025-11-23 06:13:00,847.11,847.26,847.04,847.26,201.21
2025-11-23 06:14:00,847.26,847.26,847.02,847.02,26.43
2025-11-23 06:15:00,847.02,847.07,846.69,846.70,82.69
2025-11-23 06:16:00,846.69,846.70,845.52,845.68,218.54
2025-11-23 06:17:00,845.68,845.80,845.59,845.61,22.99
2025-11-23 06:18:00,845.60,845.61,845.47,845.48,19.76
2025-11-23 06:19:00,845.47,845.70,845.24,845.69,65.14
2025-11-23 06:20:00,845.69,846.00,845.69,845.89,50.99
2025-11-23 06:21:00,845.90,845.98,845.89,845.90,40.57
2025-11-23 06:22:00,845.90,845.90,844.64,844.66,583.43
2025-11-23 06:23:00,844.66,844.69,843.77,843.85,243.66
2025-11-23 06:24:00,843.86,843.86,843.53,843.67,118.46
2025-11-23 06:25:00,843.68,843.76,843.52,843.53,51.26
2025-11-23 06:26:00,843.52,843.55,843.52,843.54,22.47
2025-11-23 06:27:00,843.54,843.76,843.24,843.71,81.44
2025-11-23 06:28:00,843.70,843.80,843.34,843.79,65.97
2025-11-23 06:29:00,843.80,844.11,843.80,843.84,27.20
2025-11-23 06:30:00,843.84,844.11,843.77,843.84,104.40
2025-11-23 06:31:00,843.84,844.13,843.83,844.13,22.84
2025-11-23 06:32:00,844.13,844.76,844.00,844.33,170.07
2025-11-23 06:33:00,844.33,844.33,843.78,843.96,174.42
2025-11-23 06:34:00,843.96,844.48,843.96,844.26,117.60
2025-11-23 06:35:00,844.25,844.46,844.20,844.24,65.82
2025-11-23 06:36:00,844.23,844.29,844.00,844.29,38.82
2025-11-23 06:37:00,844.28,844.37,843.12,843.70,183.86
2025-11-23 06:38:00,843.70,844.03,843.61,844.00,80.09
2025-11-23 06:39:00,844.00,844.56,843.99,844.11,45.61
2025-11-23 06:40:00,844.10,844.10,843.76,843.95,183.20
2025-11-23 06:41:00,843.96,843.96,843.27,843.32,114.72
2025-11-23 06:42:00,843.32,843.89,843.32,843.88,78.06
2025-11-23 06:43:00,843.89,844.03,843.62,843.73,37.19
2025-11-23 06:44:00,843.74,843.89,843.52,843.70,44.33
2025-11-23 06:45:00,843.70,844.10,843.70,843.94,59.01
2025-11-23 06:46:00,843.93,844.19,843.80,843.91,128.86
2025-11-23 06:47:00,843.91,844.39,843.91,844.26,65.42
2025-11-23 06:48:00,844.26,844.44,843.99,843.99,41.62
2025-11-23 06:49:00,843.99,844.08,843.38,843.39,40.96
2025-11-23 06:50:00,843.39,843.39,842.96,842.98,248.55
2025-11-23 06:51:00,842.98,843.00,842.46,843.00,96.02
2025-11-23 06:52:00,843.00,843.00,842.60,842.61,105.77
2025-11-23 06:53:00,842.60,842.79,842.49,842.74,54.15
2025-11-23 06:54:00,842.75,843.19,842.74,843.05,61.48
2025-11-23 06:55:00,843.06,843.10,842.78,843.08,51.91
2025-11-23 06:56:00,843.07,843.40,843.07,843.24,89.98
2025-11-23 06:57:00,843.24,843.38,843.23,843.26,50.21
2025-11-23 06:58:00,843.26,843.58,843.25,843.58,95.36
2025-11-23 06:59:00,843.58,843.64,843.45,843.52,37.76
2025-11-23 07:00:00,843.53,843.84,843.45,843.84,42.50
2025-11-23 07:01:00,843.83,843.84,842.93,842.93,121.50
2025-11-23 07:02:00,842.93,843.29,842.78,842.78,33.75
2025-11-23 07:03:00,842.79,842.80,841.80,842.12,483.66
2025-11-23 07:04:00,842.13,842.40,841.87,841.99,92.94
2025-11-23 07:05:00,842.00,842.00,840.90,841.49,280.68
2025-11-23 07:06:00,841.50,842.09,841.50,842.07,109.44
2025-11-23 07:07:00,842.08,842.44,841.90,841.91,175.74
2025-11-23 07:08:00,841.91,841.93,841.80,841.82,38.09
2025-11-23 07:09:00,841.82,841.83,841.36,841.70,55.57
2025-11-23 07:10:00,841.70,841.93,841.69,841.90,28.67
2025-11-23 07:11:00,841.90,842.50,841.90,842.30,33.86
2025-11-23 07:12:00,842.30,842.47,842.29,842.47,18.47
2025-11-23 07:13:00,842.48,843.30,842.48,843.30,56.72
2025-11-23 07:14:00,843.30,843.89,843.29,843.40,40.01
2025-11-23 07:15:00,843.40,843.86,842.84,842.97,504.87
2025-11-23 07:16:00,842.97,842.97,841.40,841.49,178.66
2025-11-23 07:17:00,841.50,841.50,838.43,839.05,2172.12
2025-11-23 07:18:00,838.90,839.82,838.89,839.30,231.56
2025-11-23 07:19:00,839.30,839.82,839.28,839.81,103.52
2025-11-23 07:20:00,839.82,840.00,839.68,839.68,189.80
2025-11-23 07:21:00,839.66,839.95,839.66,839.84,19.24
2025-11-23 07:22:00,839.85,840.00,839.58,839.93,93.12
2025-11-23 07:23:00,839.93,840.32,839.77,840.09,268.50
2025-11-23 07:24:00,840.10,840.70,840.09,840.61,55.82
2025-11-23 07:25:00,840.62,840.62,838.65,838.73,381.80
2025-11-23 07:26:00,838.72,839.14,838.37,839.09,112.14
2025-11-23 07:27:00,839.08,839.08,836.80,836.88,600.31
2025-11-23 07:28:00,836.89,837.79,836.88,837.27,159.70
2025-11-23 07:29:00,837.27,837.53,837.27,837.29,79.48
2025-11-23 07:30:00,837.28,837.29,836.62,837.28,88.37
2025-11-23 07:31:00,837.28,837.28,837.14,837.27,21.09
2025-11-23 07:32:00,837.28,838.81,837.01,838.45,380.44
2025-11-23 07:33:00,838.44,838.79,838.43,838.57,74.09
2025-11-23 07:34:00,838.57,838.91,838.46,838.91,62.81
2025-11-23 07:35:00,838.85,838.86,838.39,838.62,68.34
2025-11-23 07:36:00,838.63,838.87,838.40,838.83,48.16
2025-11-23 07:37:00,838.83,839.13,838.75,839.06,114.84
2025-11-23 07:38:00,839.06,839.06,838.51,839.01,48.32
2025-11-23 07:39:00,839.01,839.50,839.01,839.33,29.17
2025-11-23 07:40:00,839.32,839.95,839.14,839.60,61.43
2025-11-23 07:41:00,839.59,840.23,839.44,840.11,117.30
2025-11-23 07:42:00,840.11,841.17,840.10,841.11,91.72
2025-11-23 07:43:00,841.11,841.11,840.63,840.75,81.22
2025-11-23 07:44:00,840.76,840.89,840.76,840.78,9.44
2025-11-23 07:45:00,840.54,840.70,840.42,840.69,38.96
